episode,article,airDateAnomaliesOne%,totalAnomaliesOne%,airDateAnomaliesTwo%,totalAnomaliesTwo%,access,location,message,airDateAnomaliesOne%,airDateAnomaliesTwo%,access
1,Bamboo_lemur,2,3,2,7,mobile,UK,Climate_change,0,2,mobile
1,Buller's_albatross,2,3,2,7,mobile,UK,Deforestation,0,0,mobile
1,Chinstrap_penguin,2,3,2,7,mobile,UK,Desertification,0,0,mobile
1,Fairy_tern,2,3,2,7,mobile,UK,Ecological_light_pollution,1,1,mobile
1,Indri,0,3,0,7,mobile,UK,Habitat_destruction,0,0,mobile
1,Komodo_dragon,1,3,2,7,mobile,UK,Invasive_species,0,0,mobile
1,Marine_iguana,0,3,0,7,mobile,UK,Threatened_species,0,0,mobile
1,Noddy_(tern),0,3,1,7,mobile,UK,Urban_wildlife,1,1,mobile
1,Pygmy_three-toed_sloth,2,3,2,7,mobile,UK,Climate_change,0,0,desktop
1,Racer_snake,2,3,2,6,mobile,UK,Deforestation,0,0,desktop
1,Ring-tailed_lemur,0,3,0,7,mobile,UK,Desertification,0,0,desktop
1,Seychelles_fody,2,3,2,7,mobile,UK,Ecological_light_pollution,0,0,desktop
1,Shearwater,1,3,2,7,mobile,UK,Habitat_destruction,0,0,desktop
1,Sifaka,0,3,0,7,mobile,UK,Invasive_species,0,0,desktop
1,Skua,0,3,0,7,mobile,UK,Threatened_species,0,0,desktop
1,Snares_penguin,1,3,2,7,mobile,UK,Urban_wildlife,1,1,desktop
1,Yellow_crazy_ant,2,3,2,7,mobile,UK,Climate_change,0,0,combined
2,Bobcat,2,3,2,7,mobile,UK,Deforestation,0,0,combined
2,Crow,0,1,0,1,mobile,UK,Desertification,0,0,combined
2,Flamingo,1,3,2,7,mobile,UK,Ecological_light_pollution,0,0,combined
2,Golden_eagle,2,3,2,7,mobile,UK,Habitat_destruction,0,0,combined
2,Goldeneye_(duck),1,3,2,7,mobile,UK,Invasive_species,0,0,combined
2,Grizzly_bear,0,3,1,7,mobile,UK,Threatened_species,0,0,combined
2,Marmot,0,3,0,7,mobile,UK,Urban_wildlife,1,2,combined
2,Mountain_viscacha,0,2,0,5,mobile,UK,,,,
2,Mouse,0,1,0,1,mobile,UK,,,,
2,Nubian_ibex,2,3,2,7,mobile,UK,,,,
2,Peregrine_falcon,0,3,0,7,mobile,UK,,,,
2,Red_fox,0,3,0,5,mobile,UK,,,,
2,Snow_leopard,1,3,2,7,mobile,UK,,,,
2,Squirrel,0,3,0,5,mobile,UK,,,,
3,Caiman,0,3,1,7,mobile,UK,,,,
3,Capybara,0,3,0,7,mobile,UK,,,,
3,Click_beetle,0,3,0,7,mobile,UK,,,,
3,Draco_lizard,0,3,0,3,mobile,UK,,,,
3,Giant_otter,2,3,2,7,mobile,UK,,,,
3,Glass_frog,0,3,2,7,mobile,UK,,,,
3,Indri,2,NA,2,NA,mobile,UK,,,,
3,Jaguar,0,3,1,7,mobile,UK,,,,
3,Millipede,0,3,1,7,mobile,UK,,,,
3,Railroad_worm,2,3,2,7,mobile,UK,,,,
3,Red_bird-of-paradise,1,3,2,7,mobile,UK,,,,
3,River_dolphin,2,3,2,7,mobile,UK,,,,
3,Spider_monkey,1,3,2,7,mobile,UK,,,,
3,Sword-billed_hummingbird,2,3,2,7,mobile,UK,,,,
3,Wilson's_bird-of-paradise,2,3,2,7,mobile,UK,,,,
4,Butcherbird,2,3,2,7,mobile,UK,,,,
4,Deathstalker_scorpion,0,3,0,7,mobile,UK,,,,
4,Desert_long-eared_bat,2,3,2,7,mobile,UK,,,,
4,Elephant,0,2,0,2,mobile,UK,,,,
4,Giraffe,0,3,0,7,mobile,UK,,,,
4,Golden_mole,2,3,2,7,mobile,UK,,,,
4,Ground_squirrel,0,3,0,6,mobile,UK,,,,
4,Harris's_hawk,2,3,2,4,mobile,UK,,,,
4,Lion,0,2,0,2,mobile,UK,,,,
4,Locust,2,3,2,7,mobile,UK,,,,
4,Mustang,1,3,2,7,mobile,UK,,,,
4,Namaqua_chameleon,2,3,2,7,mobile,UK,,,,
4,Oryx,1,3,1,7,mobile,UK,,,,
4,Sandgrouse,2,3,2,7,mobile,UK,,,,
4,Termite,0,3,0,3,mobile,UK,,,,
5,African_elephant,0,3,0,7,mobile,UK,,,,
5,Arctic_wolf,1,3,1,6,mobile,UK,,,,
5,Asian_water_buffalo,0,3,0,6,mobile,UK,,,,
5,Barn_owl,0,3,0,7,mobile,UK,,,,
5,Bison,0,3,1,7,mobile,UK,,,,
5,Buffalo,0,3,0,3,mobile,UK,,,,
5,Caribou,1,3,1,7,mobile,UK,,,,
5,Carmine_bee-eater,2,3,2,6,mobile,UK,,,,
5,Fox,1,3,1,7,mobile,UK,,,,
5,Giant_anteater,1,3,2,7,mobile,UK,,,,
5,Giant_otter,0,NA,0,NA,mobile,UK,,,,
5,Harvest_mouse,1,3,2,7,mobile,UK,,,,
5,Jackson's_widowbird,2,3,2,7,mobile,UK,,,,
5,Kori_bustard,2,3,2,7,mobile,UK,,,,
5,Lion,0,NA,0,NA,mobile,UK,,,,
5,Ostrich,0,3,1,7,mobile,UK,,,,
5,Rhino,0,1,0,7,mobile,UK,,,,
5,Saiga_antelope,2,3,2,7,mobile,UK,,,,
5,Serval,0,3,1,7,mobile,UK,,,,
5,Sloth_bear,1,3,2,7,mobile,UK,,,,
5,Southern_African_vlei_rat,1,3,2,7,mobile,UK,,,,
5,Termite,0,NA,0,NA,mobile,UK,,,,
5,Tiger,0,3,0,4,mobile,UK,,,,
5,Wildebeest,1,3,1,4,mobile,UK,,,,
6,Great_bowerbird,2,3,2,7,mobile,UK,,,,
6,Hawksbill_sea_turtle,2,2,2,2,mobile,UK,,,,
6,Langur,0,3,0,7,mobile,UK,,,,
6,Leopard,1,3,1,7,mobile,UK,,,,
6,Peregrine_falcon,0,NA,1,NA,mobile,UK,,,,
6,Pig,0,0,0,0,mobile,UK,,,,
6,Pigeon,0,3,0,3,mobile,UK,,,,
6,Raccoon,1,3,1,3,mobile,UK,,,,
6,Rhesus_macaque,0,3,1,7,mobile,UK,,,,
6,Smooth-coated_otter,0,3,0,5,mobile,UK,,,,
6,Spotted_hyena,1,3,2,7,mobile,UK,,,,
6,Starling,1,3,1,4,mobile,UK,,,,
6,Wels_catfish,2,3,2,7,mobile,UK,,,,
1,Bamboo_lemur,1,3,1,6,desktop,UK,,,,
1,Buller's_albatross,2,3,2,7,desktop,UK,,,,
1,Chinstrap_penguin,2,3,2,7,desktop,UK,,,,
1,Fairy_tern,1,3,2,7,desktop,UK,,,,
1,Indri,0,3,0,7,desktop,UK,,,,
1,Komodo_dragon,1,3,2,7,desktop,UK,,,,
1,Marine_iguana,0,3,1,7,desktop,UK,,,,
1,Noddy_(tern),0,3,0,6,desktop,UK,,,,
1,Pygmy_three-toed_sloth,1,3,2,7,desktop,UK,,,,
1,Racer_snake,1,3,2,6,desktop,UK,,,,
1,Ring-tailed_lemur,0,3,0,7,desktop,UK,,,,
1,Seychelles_fody,0,3,1,4,desktop,UK,,,,
1,Shearwater,0,3,0,7,desktop,UK,,,,
1,Sifaka,0,3,0,7,desktop,UK,,,,
1,Skua,0,3,0,7,desktop,UK,,,,
1,Snares_penguin,1,3,1,7,desktop,UK,,,,
1,Yellow_crazy_ant,1,3,2,7,desktop,UK,,,,
2,Bobcat,0,3,1,7,desktop,UK,,,,
2,Crow,0,2,0,2,desktop,UK,,,,
2,Flamingo,0,3,1,5,desktop,UK,,,,
2,Golden_eagle,0,3,0,3,desktop,UK,,,,
2,Goldeneye_(duck),0,0,0,7,desktop,UK,,,,
2,Grizzly_bear,0,3,0,3,desktop,UK,,,,
2,Marmot,0,3,0,7,desktop,UK,,,,
2,Mountain_viscacha,0,2,0,5,desktop,UK,,,,
2,Mouse,0,3,0,4,desktop,UK,,,,
2,Nubian_ibex,2,3,2,7,desktop,UK,,,,
2,Peregrine_falcon,0,3,0,7,desktop,UK,,,,
2,Red_fox,0,3,0,4,desktop,UK,,,,
2,Snow_leopard,1,3,1,6,desktop,UK,,,,
2,Squirrel,0,3,0,6,desktop,UK,,,,
3,Caiman,0,3,1,7,desktop,UK,,,,
3,Capybara,0,3,0,7,desktop,UK,,,,
3,Click_beetle,0,1,0,1,desktop,UK,,,,
3,Draco_lizard,1,3,2,4,desktop,UK,,,,
3,Giant_otter,1,3,1,7,desktop,UK,,,,
3,Glass_frog,0,3,0,3,desktop,UK,,,,
3,Indri,2,NA,2,NA,desktop,UK,,,,
3,Jaguar,0,3,0,7,desktop,UK,,,,
3,Millipede,0,3,0,6,desktop,UK,,,,
3,Railroad_worm,2,3,2,7,desktop,UK,,,,
3,Red_bird-of-paradise,1,3,2,7,desktop,UK,,,,
3,River_dolphin,1,3,1,7,desktop,UK,,,,
3,Spider_monkey,0,0,0,0,desktop,UK,,,,
3,Sword-billed_hummingbird,1,3,2,7,desktop,UK,,,,
3,Wilson's_bird-of-paradise,2,3,2,7,desktop,UK,,,,
4,Butcherbird,2,3,2,7,desktop,UK,,,,
4,Deathstalker_scorpion,0,3,1,7,desktop,UK,,,,
4,Desert_long-eared_bat,2,3,2,7,desktop,UK,,,,
4,Elephant,0,3,0,4,desktop,UK,,,,
4,Giraffe,0,3,0,7,desktop,UK,,,,
4,Golden_mole,2,3,2,0,desktop,UK,,,,
4,Ground_squirrel,0,3,0,7,desktop,UK,,,,
4,Harris's_hawk,2,3,2,5,desktop,UK,,,,
4,Lion,0,0,0,0,desktop,UK,,,,
4,Locust,1,3,2,7,desktop,UK,,,,
4,Mustang,1,3,1,5,desktop,UK,,,,
4,Namaqua_chameleon,0,3,1,7,desktop,UK,,,,
4,Oryx,0,3,0,7,desktop,UK,,,,
4,Sandgrouse,2,3,2,7,desktop,UK,,,,
4,Termite,0,3,0,7,desktop,UK,,,,
5,African_elephant,0,1,0,1,desktop,UK,,,,
5,Arctic_wolf,0,0,0,0,desktop,UK,,,,
5,Asian_water_buffalo,0,0,0,0,desktop,UK,,,,
5,Barn_owl,0,3,0,7,desktop,UK,,,,
5,Bison,0,3,0,7,desktop,UK,,,,
5,Buffalo,0,3,0,7,desktop,UK,,,,
5,Caribou,1,3,1,7,desktop,UK,,,,
5,Carmine_bee-eater,0,3,0,6,desktop,UK,,,,
5,Fox,0,3,0,7,desktop,UK,,,,
5,Giant_anteater,0,3,0,7,desktop,UK,,,,
5,Giant_otter,0,NA,0,NA,desktop,UK,,,,
5,Harvest_mouse,1,3,2,7,desktop,UK,,,,
5,Jackson's_widowbird,2,3,2,7,desktop,UK,,,,
5,Kori_bustard,2,3,2,7,desktop,UK,,,,
5,Lion,0,NA,0,NA,desktop,UK,,,,
5,Ostrich,0,3,0,7,desktop,UK,,,,
5,Rhino,0,1,0,1,desktop,UK,,,,
5,Saiga_antelope,1,3,2,7,desktop,UK,,,,
5,Serval,0,3,0,7,desktop,UK,,,,
5,Sloth_bear,0,3,0,7,desktop,UK,,,,
5,Southern_African_vlei_rat,0,3,1,7,desktop,UK,,,,
5,Termite,0,NA,0,NA,desktop,UK,,,,
5,Tiger,0,3,0,4,desktop,UK,,,,
5,Wildebeest,0,2,0,2,desktop,UK,,,,
6,Great_bowerbird,1,3,2,7,desktop,UK,,,,
6,Hawksbill_sea_turtle,0,3,1,4,desktop,UK,,,,
6,Langur,0,3,0,7,desktop,UK,,,,
6,Leopard,0,3,0,4,desktop,UK,,,,
6,Peregrine_falcon,0,NA,0,NA,desktop,UK,,,,
6,Pig,0,0,0,0,desktop,UK,,,,
6,Pigeon,0,3,0,7,desktop,UK,,,,
6,Raccoon,0,3,0,7,desktop,UK,,,,
6,Rhesus_macaque,0,3,0,7,desktop,UK,,,,
6,Smooth-coated_otter,0,3,0,7,desktop,UK,,,,
6,Spotted_hyena,0,3,2,6,desktop,UK,,,,
6,Starling,0,3,0,5,desktop,UK,,,,
6,Wels_catfish,1,3,2,7,desktop,UK,,,,
1,Bamboo_lemur,2,3,2,7,combined,UK,,,,
1,Buller's_albatross,2,3,2,7,combined,UK,,,,
1,Chinstrap_penguin,2,3,2,7,combined,UK,,,,
1,Fairy_tern,2,3,2,7,combined,UK,,,,
1,Indri,0,3,0,7,combined,UK,,,,
1,Komodo_dragon,1,3,2,7,combined,UK,,,,
1,Marine_iguana,0,3,1,7,combined,UK,,,,
1,Noddy_(tern),0,3,1,7,combined,UK,,,,
1,Pygmy_three-toed_sloth,2,3,2,7,combined,UK,,,,
1,Racer_snake,2,3,2,6,combined,UK,,,,
1,Ring-tailed_lemur,0,3,0,7,combined,UK,,,,
1,Seychelles_fody,2,3,2,7,combined,UK,,,,
1,Shearwater,1,3,2,7,combined,UK,,,,
1,Sifaka,0,3,0,7,combined,UK,,,,
1,Skua,0,3,0,7,combined,UK,,,,
1,Snares_penguin,1,3,2,7,combined,UK,,,,
1,Yellow_crazy_ant,2,3,2,7,combined,UK,,,,
2,Bobcat,2,3,2,7,combined,UK,,,,
2,Crow,0,2,0,2,combined,UK,,,,
2,Flamingo,1,3,2,7,combined,UK,,,,
2,Golden_eagle,1,3,2,7,combined,UK,,,,
2,Goldeneye_(duck),2,3,2,3,combined,UK,,,,
2,Grizzly_bear,0,3,0,6,combined,UK,,,,
2,Marmot,0,3,0,7,combined,UK,,,,
2,Mountain_viscacha,0,2,0,5,combined,UK,,,,
2,Mouse,0,3,0,3,combined,UK,,,,
2,Nubian_ibex,2,3,2,7,combined,UK,,,,
2,Peregrine_falcon,0,3,0,7,combined,UK,,,,
2,Red_fox,0,3,0,6,combined,UK,,,,
2,Snow_leopard,1,3,2,7,combined,UK,,,,
2,Squirrel,0,3,0,5,combined,UK,,,,
3,Caiman,0,3,2,7,combined,UK,,,,
3,Capybara,0,3,0,7,combined,UK,,,,
3,Click_beetle,0,3,0,7,combined,UK,,,,
3,Draco_lizard,1,2,1,2,combined,UK,,,,
3,Giant_otter,1,3,2,7,combined,UK,,,,
3,Glass_frog,0,3,2,7,combined,UK,,,,
3,Indri,2,NA,2,NA,combined,UK,,,,
3,Jaguar,0,3,0,7,combined,UK,,,,
3,Millipede,0,3,0,6,combined,UK,,,,
3,Railroad_worm,2,3,2,7,combined,UK,,,,
3,Red_bird-of-paradise,1,3,2,7,combined,UK,,,,
3,River_dolphin,2,3,2,7,combined,UK,,,,
3,Spider_monkey,1,2,1,2,combined,UK,,,,
3,Sword-billed_hummingbird,1,3,2,7,combined,UK,,,,
3,Wilson's_bird-of-paradise,2,3,2,7,combined,UK,,,,
4,Butcherbird,2,3,2,7,combined,UK,,,,
4,Deathstalker_scorpion,0,3,1,7,combined,UK,,,,
4,Desert_long-eared_bat,2,3,2,7,combined,UK,,,,
4,Elephant,0,2,0,2,combined,UK,,,,
4,Giraffe,0,3,0,7,combined,UK,,,,
4,Golden_mole,2,3,2,7,combined,UK,,,,
4,Ground_squirrel,0,3,0,5,combined,UK,,,,
4,Harris's_hawk,2,3,2,6,combined,UK,,,,
4,Lion,0,1,0,1,combined,UK,,,,
4,Locust,1,3,2,7,combined,UK,,,,
4,Mustang,1,3,1,7,combined,UK,,,,
4,Namaqua_chameleon,0,3,1,7,combined,UK,,,,
4,Oryx,0,3,1,7,combined,UK,,,,
4,Sandgrouse,2,3,2,7,combined,UK,,,,
4,Termite,0,3,0,7,combined,UK,,,,
5,African_elephant,0,3,0,3,combined,UK,,,,
5,Arctic_wolf,0,2,0,2,combined,UK,,,,
5,Asian_water_buffalo,0,3,0,5,combined,UK,,,,
5,Barn_owl,0,3,0,7,combined,UK,,,,
5,Bison,0,3,0,7,combined,UK,,,,
5,Buffalo,0,3,0,7,combined,UK,,,,
5,Caribou,1,3,2,7,combined,UK,,,,
5,Carmine_bee-eater,1,3,2,6,combined,UK,,,,
5,Fox,0,3,1,7,combined,UK,,,,
5,Giant_anteater,1,3,2,7,combined,UK,,,,
5,Giant_otter,0,NA,0,NA,combined,UK,,,,
5,Harvest_mouse,2,3,2,7,combined,UK,,,,
5,Jackson's_widowbird,2,3,2,7,combined,UK,,,,
5,Kori_bustard,2,3,2,7,combined,UK,,,,
5,Lion,0,NA,0,NA,combined,UK,,,,
5,Ostrich,0,3,0,7,combined,UK,,,,
5,Rhino,0,2,0,2,combined,UK,,,,
5,Saiga_antelope,1,3,2,7,combined,UK,,,,
5,Serval,0,3,0,7,combined,UK,,,,
5,Sloth_bear,1,3,1,7,combined,UK,,,,
5,Southern_African_vlei_rat,0,3,1,7,combined,UK,,,,
5,Termite,0,NA,0,NA,combined,UK,,,,
5,Tiger,0,3,0,3,combined,UK,,,,
5,Wildebeest,0,2,0,2,combined,UK,,,,
6,Great_bowerbird,1,3,2,7,combined,UK,,,,
6,Hawksbill_sea_turtle,0,3,2,5,combined,UK,,,,
6,Langur,0,3,0,7,combined,UK,,,,
6,Leopard,0,3,1,7,combined,UK,,,,
6,Peregrine_falcon,0,NA,0,NA,combined,UK,,,,
6,Pig,0,0,0,0,combined,UK,,,,
6,Pigeon,0,3,0,6,combined,UK,,,,
6,Raccoon,0,3,1,7,combined,UK,,,,
6,Rhesus_macaque,0,3,0,7,combined,UK,,,,
6,Smooth-coated_otter,0,3,0,7,combined,UK,,,,
6,Spotted_hyena,1,3,2,7,combined,UK,,,,
6,Starling,0,3,0,4,combined,UK,,,,
6,Wels_catfish,1,3,2,7,combined,UK,,,,
1,Bamboo_lemur,1,1,1,1,mobile,USA,,,,
1,Buller's_albatross,1,1,1,2,mobile,USA,,,,
1,Chinstrap_penguin,1,1,1,2,mobile,USA,,,,
1,Fairy_tern,0,1,1,2,mobile,USA,,,,
1,Indri,0,1,0,2,mobile,USA,,,,
1,Komodo_dragon,0,1,1,2,mobile,USA,,,,
1,Marine_iguana,1,1,1,2,mobile,USA,,,,
1,Noddy_(tern),1,1,1,1,mobile,USA,,,,
1,Pygmy_three-toed_sloth,1,1,1,2,mobile,USA,,,,
1,Racer_snake,1,1,1,2,mobile,USA,,,,
1,Ring-tailed_lemur,0,0,0,0,mobile,USA,,,,
1,Seychelles_fody,0,1,0,2,mobile,USA,,,,
1,Shearwater,0,1,0,2,mobile,USA,,,,
1,Sifaka,0,1,0,2,mobile,USA,,,,
1,Skua,0,1,0,2,mobile,USA,,,,
1,Snares_penguin,1,1,1,2,mobile,USA,,,,
1,Yellow_crazy_ant,1,1,1,2,mobile,USA,,,,
2,Bobcat,0,1,0,2,mobile,USA,,,,
2,Crow,0,1,0,2,mobile,USA,,,,
2,Flamingo,0,1,0,2,mobile,USA,,,,
2,Golden_eagle,0,1,0,2,mobile,USA,,,,
2,Goldeneye_(duck),0,1,1,2,mobile,USA,,,,
2,Grizzly_bear,0,1,0,2,mobile,USA,,,,
2,Marmot,0,1,0,2,mobile,USA,,,,
2,Mountain_viscacha,0,1,0,1,mobile,USA,,,,
2,Mouse,0,1,0,1,mobile,USA,,,,
2,Nubian_ibex,1,1,1,2,mobile,USA,,,,
2,Peregrine_falcon,0,1,0,2,mobile,USA,,,,
2,Red_fox,0,1,0,2,mobile,USA,,,,
2,Snow_leopard,1,1,1,2,mobile,USA,,,,
2,Squirrel,0,1,0,1,mobile,USA,,,,
3,Caiman,0,1,1,2,mobile,USA,,,,
3,Capybara,0,1,0,2,mobile,USA,,,,
3,Click_beetle,0,1,0,2,mobile,USA,,,,
3,Draco_lizard,0,1,0,2,mobile,USA,,,,
3,Giant_otter,0,1,0,2,mobile,USA,,,,
3,Glass_frog,1,1,1,2,mobile,USA,,,,
3,Indri,1,NA,1,NA,mobile,USA,,,,
3,Jaguar,0,1,0,2,mobile,USA,,,,
3,Millipede,0,0,0,0,mobile,USA,,,,
3,Railroad_worm,1,1,1,2,mobile,USA,,,,
3,Red_bird-of-paradise,0,1,1,2,mobile,USA,,,,
3,River_dolphin,0,1,1,2,mobile,USA,,,,
3,Spider_monkey,0,1,0,2,mobile,USA,,,,
3,Sword-billed_hummingbird,1,1,1,2,mobile,USA,,,,
3,Wilson's_bird-of-paradise,1,1,1,2,mobile,USA,,,,
4,Butcherbird,1,1,1,2,mobile,USA,,,,
4,Deathstalker_scorpion,0,1,0,2,mobile,USA,,,,
4,Desert_long-eared_bat,1,1,1,2,mobile,USA,,,,
4,Elephant,0,1,0,1,mobile,USA,,,,
4,Giraffe,0,1,0,2,mobile,USA,,,,
4,Golden_mole,1,1,1,2,mobile,USA,,,,
4,Ground_squirrel,0,1,0,2,mobile,USA,,,,
4,Harris's_hawk,0,1,1,2,mobile,USA,,,,
4,Lion,0,1,0,2,mobile,USA,,,,
4,Locust,1,1,1,2,mobile,USA,,,,
4,Mustang,0,1,0,2,mobile,USA,,,,
4,Namaqua_chameleon,0,1,0,2,mobile,USA,,,,
4,Oryx,0,1,0,2,mobile,USA,,,,
4,Sandgrouse,1,1,1,2,mobile,USA,,,,
4,Termite,0,1,0,2,mobile,USA,,,,
5,African_elephant,0,1,0,2,mobile,USA,,,,
5,Arctic_wolf,0,1,0,1,mobile,USA,,,,
5,Asian_water_buffalo,0,1,0,1,mobile,USA,,,,
5,Barn_owl,0,1,0,2,mobile,USA,,,,
5,Bison,0,1,0,2,mobile,USA,,,,
5,Buffalo,0,1,1,2,mobile,USA,,,,
5,Caribou,0,1,0,2,mobile,USA,,,,
5,Carmine_bee-eater,0,1,0,2,mobile,USA,,,,
5,Fox,0,1,0,2,mobile,USA,,,,
5,Giant_anteater,0,1,0,2,mobile,USA,,,,
5,Giant_otter,0,NA,0,NA,mobile,USA,,,,
5,Harvest_mouse,0,1,1,2,mobile,USA,,,,
5,Jackson's_widowbird,1,1,1,2,mobile,USA,,,,
5,Kori_bustard,1,1,1,2,mobile,USA,,,,
5,Lion,0,NA,0,NA,mobile,USA,,,,
5,Ostrich,0,1,0,2,mobile,USA,,,,
5,Rhino,0,1,0,2,mobile,USA,,,,
5,Saiga_antelope,1,1,1,2,mobile,USA,,,,
5,Serval,0,1,1,2,mobile,USA,,,,
5,Sloth_bear,0,1,0,2,mobile,USA,,,,
5,Southern_African_vlei_rat,0,1,0,2,mobile,USA,,,,
5,Termite,0,NA,0,NA,mobile,USA,,,,
5,Tiger,0,1,0,2,mobile,USA,,,,
5,Wildebeest,0,1,0,2,mobile,USA,,,,
6,Great_bowerbird,1,1,1,2,mobile,USA,,,,
6,Hawksbill_sea_turtle,0,1,0,1,mobile,USA,,,,
6,Langur,0,1,0,1,mobile,USA,,,,
6,Leopard,0,1,0,2,mobile,USA,,,,
6,Peregrine_falcon,0,NA,0,NA,mobile,USA,,,,
6,Pig,0,1,0,1,mobile,USA,,,,
6,Pigeon,0,1,0,1,mobile,USA,,,,
6,Raccoon,0,1,0,2,mobile,USA,,,,
6,Rhesus_macaque,0,1,0,2,mobile,USA,,,,
6,Smooth-coated_otter,0,0,0,0,mobile,USA,,,,
6,Spotted_hyena,0,1,0,2,mobile,USA,,,,
6,Starling,0,1,0,2,mobile,USA,,,,
6,Wels_catfish,1,1,1,2,mobile,USA,,,,
1,Bamboo_lemur,0,1,0,1,desktop,USA,,,,
1,Buller's_albatross,0,1,0,2,desktop,USA,,,,
1,Chinstrap_penguin,0,1,0,1,desktop,USA,,,,
1,Fairy_tern,0,0,0,0,desktop,USA,,,,
1,Indri,0,1,0,2,desktop,USA,,,,
1,Komodo_dragon,0,1,0,2,desktop,USA,,,,
1,Marine_iguana,0,1,1,2,desktop,USA,,,,
1,Noddy_(tern),0,1,0,1,desktop,USA,,,,
1,Pygmy_three-toed_sloth,1,1,1,2,desktop,USA,,,,
1,Racer_snake,1,1,1,2,desktop,USA,,,,
1,Ring-tailed_lemur,0,1,0,2,desktop,USA,,,,
1,Seychelles_fody,0,1,0,2,desktop,USA,,,,
1,Shearwater,0,1,0,2,desktop,USA,,,,
1,Sifaka,0,1,0,2,desktop,USA,,,,
1,Skua,0,1,0,2,desktop,USA,,,,
1,Snares_penguin,0,1,0,1,desktop,USA,,,,
1,Yellow_crazy_ant,1,1,1,2,desktop,USA,,,,
2,Bobcat,0,1,0,2,desktop,USA,,,,
2,Crow,0,1,0,2,desktop,USA,,,,
2,Flamingo,0,1,0,2,desktop,USA,,,,
2,Golden_eagle,0,1,0,2,desktop,USA,,,,
2,Goldeneye_(duck),0,0,0,0,desktop,USA,,,,
2,Grizzly_bear,0,1,0,2,desktop,USA,,,,
2,Marmot,0,1,0,2,desktop,USA,,,,
2,Mountain_viscacha,0,1,0,1,desktop,USA,,,,
2,Mouse,0,1,0,2,desktop,USA,,,,
2,Nubian_ibex,1,1,1,2,desktop,USA,,,,
2,Peregrine_falcon,0,1,0,2,desktop,USA,,,,
2,Red_fox,0,1,0,2,desktop,USA,,,,
2,Snow_leopard,0,1,0,1,desktop,USA,,,,
2,Squirrel,0,1,0,2,desktop,USA,,,,
3,Caiman,0,1,0,2,desktop,USA,,,,
3,Capybara,0,1,0,2,desktop,USA,,,,
3,Click_beetle,0,0,0,0,desktop,USA,,,,
3,Draco_lizard,0,0,0,0,desktop,USA,,,,
3,Giant_otter,0,1,0,2,desktop,USA,,,,
3,Glass_frog,0,1,0,2,desktop,USA,,,,
3,Indri,1,NA,1,NA,desktop,USA,,,,
3,Jaguar,0,1,0,2,desktop,USA,,,,
3,Millipede,0,1,0,1,desktop,USA,,,,
3,Railroad_worm,1,1,1,2,desktop,USA,,,,
3,Red_bird-of-paradise,0,1,0,2,desktop,USA,,,,
3,River_dolphin,0,1,0,2,desktop,USA,,,,
3,Spider_monkey,0,1,0,2,desktop,USA,,,,
3,Sword-billed_hummingbird,0,1,1,2,desktop,USA,,,,
3,Wilson's_bird-of-paradise,1,1,1,2,desktop,USA,,,,
4,Butcherbird,1,1,1,2,desktop,USA,,,,
4,Deathstalker_scorpion,0,1,0,2,desktop,USA,,,,
4,Desert_long-eared_bat,0,1,1,2,desktop,USA,,,,
4,Elephant,0,1,0,2,desktop,USA,,,,
4,Giraffe,0,1,0,2,desktop,USA,,,,
4,Golden_mole,1,1,1,2,desktop,USA,,,,
4,Ground_squirrel,0,1,0,2,desktop,USA,,,,
4,Harris's_hawk,0,1,0,2,desktop,USA,,,,
4,Lion,0,1,0,2,desktop,USA,,,,
4,Locust,0,1,0,2,desktop,USA,,,,
4,Mustang,0,1,0,2,desktop,USA,,,,
4,Namaqua_chameleon,0,0,0,0,desktop,USA,,,,
4,Oryx,0,1,1,2,desktop,USA,,,,
4,Sandgrouse,0,1,0,2,desktop,USA,,,,
4,Termite,0,1,0,2,desktop,USA,,,,
5,African_elephant,0,1,0,2,desktop,USA,,,,
5,Arctic_wolf,0,1,0,2,desktop,USA,,,,
5,Asian_water_buffalo,0,1,0,2,desktop,USA,,,,
5,Barn_owl,0,1,0,2,desktop,USA,,,,
5,Bison,0,1,0,2,desktop,USA,,,,
5,Buffalo,0,1,0,2,desktop,USA,,,,
5,Caribou,0,1,0,2,desktop,USA,,,,
5,Carmine_bee-eater,0,1,0,2,desktop,USA,,,,
5,Fox,0,1,1,2,desktop,USA,,,,
5,Giant_anteater,0,1,0,2,desktop,USA,,,,
5,Giant_otter,0,NA,0,NA,desktop,USA,,,,
5,Harvest_mouse,0,1,0,2,desktop,USA,,,,
5,Jackson's_widowbird,0,1,1,2,desktop,USA,,,,
5,Kori_bustard,1,1,1,1,desktop,USA,,,,
5,Lion,0,NA,0,NA,desktop,USA,,,,
5,Ostrich,0,1,0,2,desktop,USA,,,,
5,Rhino,0,1,0,2,desktop,USA,,,,
5,Saiga_antelope,0,1,0,2,desktop,USA,,,,
5,Serval,0,1,0,1,desktop,USA,,,,
5,Sloth_bear,0,1,0,2,desktop,USA,,,,
5,Southern_African_vlei_rat,0,0,0,0,desktop,USA,,,,
5,Termite,0,NA,0,NA,desktop,USA,,,,
5,Tiger,0,1,0,1,desktop,USA,,,,
5,Wildebeest,0,0,0,0,desktop,USA,,,,
6,Great_bowerbird,0,1,0,2,desktop,USA,,,,
6,Hawksbill_sea_turtle,0,1,0,1,desktop,USA,,,,
6,Langur,0,1,0,2,desktop,USA,,,,
6,Leopard,0,1,0,2,desktop,USA,,,,
6,Peregrine_falcon,0,NA,0,NA,desktop,USA,,,,
6,Pig,0,1,0,2,desktop,USA,,,,
6,Pigeon,0,1,0,2,desktop,USA,,,,
6,Raccoon,0,1,0,2,desktop,USA,,,,
6,Rhesus_macaque,0,1,0,2,desktop,USA,,,,
6,Smooth-coated_otter,0,1,0,1,desktop,USA,,,,
6,Spotted_hyena,0,1,0,2,desktop,USA,,,,
6,Starling,0,1,0,2,desktop,USA,,,,
6,Wels_catfish,0,1,1,2,desktop,USA,,,,
1,Bamboo_lemur,0,1,1,2,combined,USA,,,,
1,Buller's_albatross,1,1,1,2,combined,USA,,,,
1,Chinstrap_penguin,1,1,1,2,combined,USA,,,,
1,Fairy_tern,0,1,1,2,combined,USA,,,,
1,Indri,0,1,0,2,combined,USA,,,,
1,Komodo_dragon,0,1,0,2,combined,USA,,,,
1,Marine_iguana,1,1,1,2,combined,USA,,,,
1,Noddy_(tern),0,0,0,0,combined,USA,,,,
1,Pygmy_three-toed_sloth,1,1,1,2,combined,USA,,,,
1,Racer_snake,1,1,1,2,combined,USA,,,,
1,Ring-tailed_lemur,0,1,0,2,combined,USA,,,,
1,Seychelles_fody,0,1,0,2,combined,USA,,,,
1,Shearwater,0,1,0,2,combined,USA,,,,
1,Sifaka,0,1,0,2,combined,USA,,,,
1,Skua,0,1,0,2,combined,USA,,,,
1,Snares_penguin,1,1,1,1,combined,USA,,,,
1,Yellow_crazy_ant,1,1,1,2,combined,USA,,,,
2,Bobcat,0,1,0,2,combined,USA,,,,
2,Crow,0,1,0,2,combined,USA,,,,
2,Flamingo,0,1,0,2,combined,USA,,,,
2,Golden_eagle,0,1,0,2,combined,USA,,,,
2,Goldeneye_(duck),1,1,1,2,combined,USA,,,,
2,Grizzly_bear,0,1,0,2,combined,USA,,,,
2,Marmot,0,1,0,2,combined,USA,,,,
2,Mountain_viscacha,0,1,0,1,combined,USA,,,,
2,Mouse,0,1,0,2,combined,USA,,,,
2,Nubian_ibex,1,1,1,2,combined,USA,,,,
2,Peregrine_falcon,0,1,0,2,combined,USA,,,,
2,Red_fox,0,1,0,1,combined,USA,,,,
2,Snow_leopard,1,1,1,2,combined,USA,,,,
2,Squirrel,0,1,0,2,combined,USA,,,,
3,Caiman,0,1,1,2,combined,USA,,,,
3,Capybara,0,1,0,2,combined,USA,,,,
3,Click_beetle,0,1,0,2,combined,USA,,,,
3,Draco_lizard,0,1,0,1,combined,USA,,,,
3,Giant_otter,0,1,0,2,combined,USA,,,,
3,Glass_frog,0,1,0,2,combined,USA,,,,
3,Indri,1,NA,1,NA,combined,USA,,,,
3,Jaguar,0,1,0,2,combined,USA,,,,
3,Millipede,0,0,0,0,combined,USA,,,,
3,Railroad_worm,1,1,1,2,combined,USA,,,,
3,Red_bird-of-paradise,0,1,0,2,combined,USA,,,,
3,River_dolphin,0,1,1,2,combined,USA,,,,
3,Spider_monkey,0,1,0,2,combined,USA,,,,
3,Sword-billed_hummingbird,1,1,1,2,combined,USA,,,,
3,Wilson's_bird-of-paradise,1,1,1,2,combined,USA,,,,
4,Butcherbird,1,1,1,2,combined,USA,,,,
4,Deathstalker_scorpion,0,1,0,2,combined,USA,,,,
4,Desert_long-eared_bat,1,1,1,2,combined,USA,,,,
4,Elephant,0,1,0,2,combined,USA,,,,
4,Giraffe,0,1,0,2,combined,USA,,,,
4,Golden_mole,1,1,1,2,combined,USA,,,,
4,Ground_squirrel,0,1,0,2,combined,USA,,,,
4,Harris's_hawk,0,1,1,2,combined,USA,,,,
4,Lion,0,1,0,2,combined,USA,,,,
4,Locust,0,1,1,2,combined,USA,,,,
4,Mustang,0,1,0,2,combined,USA,,,,
4,Namaqua_chameleon,0,0,0,0,combined,USA,,,,
4,Oryx,0,1,0,2,combined,USA,,,,
4,Sandgrouse,1,1,1,2,combined,USA,,,,
4,Termite,0,1,0,2,combined,USA,,,,
5,African_elephant,0,1,0,2,combined,USA,,,,
5,Arctic_wolf,0,1,0,1,combined,USA,,,,
5,Asian_water_buffalo,0,1,0,1,combined,USA,,,,
5,Barn_owl,0,1,0,2,combined,USA,,,,
5,Bison,0,1,0,2,combined,USA,,,,
5,Buffalo,0,1,0,2,combined,USA,,,,
5,Caribou,0,1,0,2,combined,USA,,,,
5,Carmine_bee-eater,0,1,0,2,combined,USA,,,,
5,Fox,0,1,0,2,combined,USA,,,,
5,Giant_anteater,0,1,0,2,combined,USA,,,,
5,Giant_otter,0,NA,0,NA,combined,USA,,,,
5,Harvest_mouse,0,1,0,2,combined,USA,,,,
5,Jackson's_widowbird,1,1,1,2,combined,USA,,,,
5,Kori_bustard,1,1,1,2,combined,USA,,,,
5,Lion,0,NA,0,NA,combined,USA,,,,
5,Ostrich,0,1,0,2,combined,USA,,,,
5,Rhino,0,1,0,2,combined,USA,,,,
5,Saiga_antelope,1,1,1,2,combined,USA,,,,
5,Serval,0,1,1,2,combined,USA,,,,
5,Sloth_bear,0,1,0,2,combined,USA,,,,
5,Southern_African_vlei_rat,0,1,0,2,combined,USA,,,,
5,Termite,0,NA,0,NA,combined,USA,,,,
5,Tiger,0,1,0,2,combined,USA,,,,
5,Wildebeest,0,1,0,1,combined,USA,,,,
6,Great_bowerbird,0,1,0,2,combined,USA,,,,
6,Hawksbill_sea_turtle,0,0,0,0,combined,USA,,,,
6,Langur,0,1,0,2,combined,USA,,,,
6,Leopard,0,1,0,1,combined,USA,,,,
6,Peregrine_falcon,0,NA,0,NA,combined,USA,,,,
6,Pig,0,1,0,1,combined,USA,,,,
6,Pigeon,0,1,0,2,combined,USA,,,,
6,Raccoon,0,1,0,2,combined,USA,,,,
6,Rhesus_macaque,0,1,0,2,combined,USA,,,,
6,Smooth-coated_otter,0,0,0,0,combined,USA,,,,
6,Spotted_hyena,0,1,0,2,combined,USA,,,,
6,Starling,0,1,0,2,combined,USA,,,,
6,Wels_catfish,1,1,1,2,combined,USA,,,,
