"project","language","article","access","agent","granularity","date","views","month","week"
"wikipedia","en","Hawksbill_sea_turtle","desktop","user","daily",2016-01-01,124,"01","00"
"wikipedia","en","Hawksbill_sea_turtle","desktop","user","daily",2016-01-02,180,"01","00"
"wikipedia","en","Hawksbill_sea_turtle","desktop","user","daily",2016-01-03,156,"01","00"
"wikipedia","en","Hawksbill_sea_turtle","desktop","user","daily",2016-01-04,225,"01","01"
"wikipedia","en","Hawksbill_sea_turtle","desktop","user","daily",2016-01-05,239,"01","01"
"wikipedia","en","Hawksbill_sea_turtle","desktop","user","daily",2016-01-06,207,"01","01"
"wikipedia","en","Hawksbill_sea_turtle","desktop","user","daily",2016-01-07,266,"01","01"
"wikipedia","en","Hawksbill_sea_turtle","desktop","user","daily",2016-01-08,265,"01","01"
"wikipedia","en","Hawksbill_sea_turtle","desktop","user","daily",2016-01-09,160,"01","01"
"wikipedia","en","Hawksbill_sea_turtle","desktop","user","daily",2016-01-10,204,"01","01"
"wikipedia","en","Hawksbill_sea_turtle","desktop","user","daily",2016-01-11,292,"01","02"
"wikipedia","en","Hawksbill_sea_turtle","desktop","user","daily",2016-01-12,314,"01","02"
"wikipedia","en","Hawksbill_sea_turtle","desktop","user","daily",2016-01-13,513,"01","02"
"wikipedia","en","Hawksbill_sea_turtle","desktop","user","daily",2016-01-14,318,"01","02"
"wikipedia","en","Hawksbill_sea_turtle","desktop","user","daily",2016-01-15,251,"01","02"
"wikipedia","en","Hawksbill_sea_turtle","desktop","user","daily",2016-01-16,153,"01","02"
"wikipedia","en","Hawksbill_sea_turtle","desktop","user","daily",2016-01-17,210,"01","02"
"wikipedia","en","Hawksbill_sea_turtle","desktop","user","daily",2016-01-18,272,"01","03"
"wikipedia","en","Hawksbill_sea_turtle","desktop","user","daily",2016-01-19,293,"01","03"
"wikipedia","en","Hawksbill_sea_turtle","desktop","user","daily",2016-01-20,312,"01","03"
"wikipedia","en","Hawksbill_sea_turtle","desktop","user","daily",2016-01-21,304,"01","03"
"wikipedia","en","Hawksbill_sea_turtle","desktop","user","daily",2016-01-22,279,"01","03"
"wikipedia","en","Hawksbill_sea_turtle","desktop","user","daily",2016-01-23,188,"01","03"
"wikipedia","en","Hawksbill_sea_turtle","desktop","user","daily",2016-01-24,192,"01","03"
"wikipedia","en","Hawksbill_sea_turtle","desktop","user","daily",2016-01-25,274,"01","04"
"wikipedia","en","Hawksbill_sea_turtle","desktop","user","daily",2016-01-26,276,"01","04"
"wikipedia","en","Hawksbill_sea_turtle","desktop","user","daily",2016-01-27,284,"01","04"
"wikipedia","en","Hawksbill_sea_turtle","desktop","user","daily",2016-01-28,297,"01","04"
"wikipedia","en","Hawksbill_sea_turtle","desktop","user","daily",2016-01-29,259,"01","04"
"wikipedia","en","Hawksbill_sea_turtle","desktop","user","daily",2016-01-30,184,"01","04"
"wikipedia","en","Hawksbill_sea_turtle","desktop","user","daily",2016-01-31,175,"01","04"
"wikipedia","en","Hawksbill_sea_turtle","desktop","user","daily",2016-02-01,279,"02","05"
"wikipedia","en","Hawksbill_sea_turtle","desktop","user","daily",2016-02-02,239,"02","05"
"wikipedia","en","Hawksbill_sea_turtle","desktop","user","daily",2016-02-03,306,"02","05"
"wikipedia","en","Hawksbill_sea_turtle","desktop","user","daily",2016-02-04,239,"02","05"
"wikipedia","en","Hawksbill_sea_turtle","desktop","user","daily",2016-02-05,243,"02","05"
"wikipedia","en","Hawksbill_sea_turtle","desktop","user","daily",2016-02-06,104,"02","05"
"wikipedia","en","Hawksbill_sea_turtle","desktop","user","daily",2016-02-07,159,"02","05"
"wikipedia","en","Hawksbill_sea_turtle","desktop","user","daily",2016-02-08,287,"02","06"
"wikipedia","en","Hawksbill_sea_turtle","desktop","user","daily",2016-02-09,315,"02","06"
"wikipedia","en","Hawksbill_sea_turtle","desktop","user","daily",2016-02-10,297,"02","06"
"wikipedia","en","Hawksbill_sea_turtle","desktop","user","daily",2016-02-11,263,"02","06"
"wikipedia","en","Hawksbill_sea_turtle","desktop","user","daily",2016-02-12,203,"02","06"
"wikipedia","en","Hawksbill_sea_turtle","desktop","user","daily",2016-02-13,142,"02","06"
"wikipedia","en","Hawksbill_sea_turtle","desktop","user","daily",2016-02-14,182,"02","06"
"wikipedia","en","Hawksbill_sea_turtle","desktop","user","daily",2016-02-15,199,"02","07"
"wikipedia","en","Hawksbill_sea_turtle","desktop","user","daily",2016-02-16,309,"02","07"
"wikipedia","en","Hawksbill_sea_turtle","desktop","user","daily",2016-02-17,295,"02","07"
"wikipedia","en","Hawksbill_sea_turtle","desktop","user","daily",2016-02-18,260,"02","07"
"wikipedia","en","Hawksbill_sea_turtle","desktop","user","daily",2016-02-19,249,"02","07"
"wikipedia","en","Hawksbill_sea_turtle","desktop","user","daily",2016-02-20,144,"02","07"
"wikipedia","en","Hawksbill_sea_turtle","desktop","user","daily",2016-02-21,184,"02","07"
"wikipedia","en","Hawksbill_sea_turtle","desktop","user","daily",2016-02-22,276,"02","08"
"wikipedia","en","Hawksbill_sea_turtle","desktop","user","daily",2016-02-23,272,"02","08"
"wikipedia","en","Hawksbill_sea_turtle","desktop","user","daily",2016-02-24,260,"02","08"
"wikipedia","en","Hawksbill_sea_turtle","desktop","user","daily",2016-02-25,343,"02","08"
"wikipedia","en","Hawksbill_sea_turtle","desktop","user","daily",2016-02-26,274,"02","08"
"wikipedia","en","Hawksbill_sea_turtle","desktop","user","daily",2016-02-27,147,"02","08"
"wikipedia","en","Hawksbill_sea_turtle","desktop","user","daily",2016-02-28,189,"02","08"
"wikipedia","en","Hawksbill_sea_turtle","desktop","user","daily",2016-02-29,301,"02","09"
"wikipedia","en","Hawksbill_sea_turtle","desktop","user","daily",2016-03-01,350,"03","09"
"wikipedia","en","Hawksbill_sea_turtle","desktop","user","daily",2016-03-02,306,"03","09"
"wikipedia","en","Hawksbill_sea_turtle","desktop","user","daily",2016-03-03,280,"03","09"
"wikipedia","en","Hawksbill_sea_turtle","desktop","user","daily",2016-03-04,275,"03","09"
"wikipedia","en","Hawksbill_sea_turtle","desktop","user","daily",2016-03-05,165,"03","09"
"wikipedia","en","Hawksbill_sea_turtle","desktop","user","daily",2016-03-06,180,"03","09"
"wikipedia","en","Hawksbill_sea_turtle","desktop","user","daily",2016-03-07,322,"03","10"
"wikipedia","en","Hawksbill_sea_turtle","desktop","user","daily",2016-03-08,322,"03","10"
"wikipedia","en","Hawksbill_sea_turtle","desktop","user","daily",2016-03-09,328,"03","10"
"wikipedia","en","Hawksbill_sea_turtle","desktop","user","daily",2016-03-10,304,"03","10"
"wikipedia","en","Hawksbill_sea_turtle","desktop","user","daily",2016-03-11,278,"03","10"
"wikipedia","en","Hawksbill_sea_turtle","desktop","user","daily",2016-03-12,154,"03","10"
"wikipedia","en","Hawksbill_sea_turtle","desktop","user","daily",2016-03-13,219,"03","10"
"wikipedia","en","Hawksbill_sea_turtle","desktop","user","daily",2016-03-14,358,"03","11"
"wikipedia","en","Hawksbill_sea_turtle","desktop","user","daily",2016-03-15,321,"03","11"
"wikipedia","en","Hawksbill_sea_turtle","desktop","user","daily",2016-03-16,296,"03","11"
"wikipedia","en","Hawksbill_sea_turtle","desktop","user","daily",2016-03-17,282,"03","11"
"wikipedia","en","Hawksbill_sea_turtle","desktop","user","daily",2016-03-18,217,"03","11"
"wikipedia","en","Hawksbill_sea_turtle","desktop","user","daily",2016-03-19,136,"03","11"
"wikipedia","en","Hawksbill_sea_turtle","desktop","user","daily",2016-03-20,179,"03","11"
"wikipedia","en","Hawksbill_sea_turtle","desktop","user","daily",2016-03-21,248,"03","12"
"wikipedia","en","Hawksbill_sea_turtle","desktop","user","daily",2016-03-22,248,"03","12"
"wikipedia","en","Hawksbill_sea_turtle","desktop","user","daily",2016-03-23,201,"03","12"
"wikipedia","en","Hawksbill_sea_turtle","desktop","user","daily",2016-03-24,211,"03","12"
"wikipedia","en","Hawksbill_sea_turtle","desktop","user","daily",2016-03-25,147,"03","12"
"wikipedia","en","Hawksbill_sea_turtle","desktop","user","daily",2016-03-26,128,"03","12"
"wikipedia","en","Hawksbill_sea_turtle","desktop","user","daily",2016-03-27,135,"03","12"
"wikipedia","en","Hawksbill_sea_turtle","desktop","user","daily",2016-03-28,237,"03","13"
"wikipedia","en","Hawksbill_sea_turtle","desktop","user","daily",2016-03-29,248,"03","13"
"wikipedia","en","Hawksbill_sea_turtle","desktop","user","daily",2016-03-30,226,"03","13"
"wikipedia","en","Hawksbill_sea_turtle","desktop","user","daily",2016-03-31,264,"03","13"
"wikipedia","en","Hawksbill_sea_turtle","desktop","user","daily",2016-04-01,190,"04","13"
"wikipedia","en","Hawksbill_sea_turtle","desktop","user","daily",2016-04-02,177,"04","13"
"wikipedia","en","Hawksbill_sea_turtle","desktop","user","daily",2016-04-03,178,"04","13"
"wikipedia","en","Hawksbill_sea_turtle","desktop","user","daily",2016-04-04,270,"04","14"
"wikipedia","en","Hawksbill_sea_turtle","desktop","user","daily",2016-04-05,292,"04","14"
"wikipedia","en","Hawksbill_sea_turtle","desktop","user","daily",2016-04-06,288,"04","14"
"wikipedia","en","Hawksbill_sea_turtle","desktop","user","daily",2016-04-07,262,"04","14"
"wikipedia","en","Hawksbill_sea_turtle","desktop","user","daily",2016-04-08,242,"04","14"
"wikipedia","en","Hawksbill_sea_turtle","desktop","user","daily",2016-04-09,173,"04","14"
"wikipedia","en","Hawksbill_sea_turtle","desktop","user","daily",2016-04-10,209,"04","14"
"wikipedia","en","Hawksbill_sea_turtle","desktop","user","daily",2016-04-11,351,"04","15"
"wikipedia","en","Hawksbill_sea_turtle","desktop","user","daily",2016-04-12,322,"04","15"
"wikipedia","en","Hawksbill_sea_turtle","desktop","user","daily",2016-04-13,279,"04","15"
"wikipedia","en","Hawksbill_sea_turtle","desktop","user","daily",2016-04-14,342,"04","15"
"wikipedia","en","Hawksbill_sea_turtle","desktop","user","daily",2016-04-15,276,"04","15"
"wikipedia","en","Hawksbill_sea_turtle","desktop","user","daily",2016-04-16,139,"04","15"
"wikipedia","en","Hawksbill_sea_turtle","desktop","user","daily",2016-04-17,193,"04","15"
"wikipedia","en","Hawksbill_sea_turtle","desktop","user","daily",2016-04-18,333,"04","16"
"wikipedia","en","Hawksbill_sea_turtle","desktop","user","daily",2016-04-19,362,"04","16"
"wikipedia","en","Hawksbill_sea_turtle","desktop","user","daily",2016-04-20,369,"04","16"
"wikipedia","en","Hawksbill_sea_turtle","desktop","user","daily",2016-04-21,365,"04","16"
"wikipedia","en","Hawksbill_sea_turtle","desktop","user","daily",2016-04-22,324,"04","16"
"wikipedia","en","Hawksbill_sea_turtle","desktop","user","daily",2016-04-23,195,"04","16"
"wikipedia","en","Hawksbill_sea_turtle","desktop","user","daily",2016-04-24,207,"04","16"
"wikipedia","en","Hawksbill_sea_turtle","desktop","user","daily",2016-04-25,358,"04","17"
"wikipedia","en","Hawksbill_sea_turtle","desktop","user","daily",2016-04-26,329,"04","17"
"wikipedia","en","Hawksbill_sea_turtle","desktop","user","daily",2016-04-27,318,"04","17"
"wikipedia","en","Hawksbill_sea_turtle","desktop","user","daily",2016-04-28,307,"04","17"
"wikipedia","en","Hawksbill_sea_turtle","desktop","user","daily",2016-04-29,282,"04","17"
"wikipedia","en","Hawksbill_sea_turtle","desktop","user","daily",2016-04-30,120,"04","17"
"wikipedia","en","Hawksbill_sea_turtle","desktop","user","daily",2016-05-01,199,"05","17"
"wikipedia","en","Hawksbill_sea_turtle","desktop","user","daily",2016-05-02,322,"05","18"
"wikipedia","en","Hawksbill_sea_turtle","desktop","user","daily",2016-05-03,277,"05","18"
"wikipedia","en","Hawksbill_sea_turtle","desktop","user","daily",2016-05-04,340,"05","18"
"wikipedia","en","Hawksbill_sea_turtle","desktop","user","daily",2016-05-05,317,"05","18"
"wikipedia","en","Hawksbill_sea_turtle","desktop","user","daily",2016-05-06,271,"05","18"
"wikipedia","en","Hawksbill_sea_turtle","desktop","user","daily",2016-05-07,162,"05","18"
"wikipedia","en","Hawksbill_sea_turtle","desktop","user","daily",2016-05-08,175,"05","18"
"wikipedia","en","Hawksbill_sea_turtle","desktop","user","daily",2016-05-09,370,"05","19"
"wikipedia","en","Hawksbill_sea_turtle","desktop","user","daily",2016-05-10,401,"05","19"
"wikipedia","en","Hawksbill_sea_turtle","desktop","user","daily",2016-05-11,368,"05","19"
"wikipedia","en","Hawksbill_sea_turtle","desktop","user","daily",2016-05-12,289,"05","19"
"wikipedia","en","Hawksbill_sea_turtle","desktop","user","daily",2016-05-13,350,"05","19"
"wikipedia","en","Hawksbill_sea_turtle","desktop","user","daily",2016-05-14,146,"05","19"
"wikipedia","en","Hawksbill_sea_turtle","desktop","user","daily",2016-05-15,190,"05","19"
"wikipedia","en","Hawksbill_sea_turtle","desktop","user","daily",2016-05-16,304,"05","20"
"wikipedia","en","Hawksbill_sea_turtle","desktop","user","daily",2016-05-17,347,"05","20"
"wikipedia","en","Hawksbill_sea_turtle","desktop","user","daily",2016-05-18,405,"05","20"
"wikipedia","en","Hawksbill_sea_turtle","desktop","user","daily",2016-05-19,378,"05","20"
"wikipedia","en","Hawksbill_sea_turtle","desktop","user","daily",2016-05-20,290,"05","20"
"wikipedia","en","Hawksbill_sea_turtle","desktop","user","daily",2016-05-21,207,"05","20"
"wikipedia","en","Hawksbill_sea_turtle","desktop","user","daily",2016-05-22,202,"05","20"
"wikipedia","en","Hawksbill_sea_turtle","desktop","user","daily",2016-05-23,357,"05","21"
"wikipedia","en","Hawksbill_sea_turtle","desktop","user","daily",2016-05-24,371,"05","21"
"wikipedia","en","Hawksbill_sea_turtle","desktop","user","daily",2016-05-25,318,"05","21"
"wikipedia","en","Hawksbill_sea_turtle","desktop","user","daily",2016-05-26,281,"05","21"
"wikipedia","en","Hawksbill_sea_turtle","desktop","user","daily",2016-05-27,202,"05","21"
"wikipedia","en","Hawksbill_sea_turtle","desktop","user","daily",2016-05-28,128,"05","21"
"wikipedia","en","Hawksbill_sea_turtle","desktop","user","daily",2016-05-29,147,"05","21"
"wikipedia","en","Hawksbill_sea_turtle","desktop","user","daily",2016-05-30,203,"05","22"
"wikipedia","en","Hawksbill_sea_turtle","desktop","user","daily",2016-05-31,256,"05","22"
"wikipedia","en","Hawksbill_sea_turtle","desktop","user","daily",2016-06-01,307,"06","22"
"wikipedia","en","Hawksbill_sea_turtle","desktop","user","daily",2016-06-02,299,"06","22"
"wikipedia","en","Hawksbill_sea_turtle","desktop","user","daily",2016-06-03,313,"06","22"
"wikipedia","en","Hawksbill_sea_turtle","desktop","user","daily",2016-06-04,151,"06","22"
"wikipedia","en","Hawksbill_sea_turtle","desktop","user","daily",2016-06-05,184,"06","22"
"wikipedia","en","Hawksbill_sea_turtle","desktop","user","daily",2016-06-06,287,"06","23"
"wikipedia","en","Hawksbill_sea_turtle","desktop","user","daily",2016-06-07,270,"06","23"
"wikipedia","en","Hawksbill_sea_turtle","desktop","user","daily",2016-06-08,267,"06","23"
"wikipedia","en","Hawksbill_sea_turtle","desktop","user","daily",2016-06-09,240,"06","23"
"wikipedia","en","Hawksbill_sea_turtle","desktop","user","daily",2016-06-10,190,"06","23"
"wikipedia","en","Hawksbill_sea_turtle","desktop","user","daily",2016-06-11,181,"06","23"
"wikipedia","en","Hawksbill_sea_turtle","desktop","user","daily",2016-06-12,155,"06","23"
"wikipedia","en","Hawksbill_sea_turtle","desktop","user","daily",2016-06-13,255,"06","24"
"wikipedia","en","Hawksbill_sea_turtle","desktop","user","daily",2016-06-14,282,"06","24"
"wikipedia","en","Hawksbill_sea_turtle","desktop","user","daily",2016-06-15,258,"06","24"
"wikipedia","en","Hawksbill_sea_turtle","desktop","user","daily",2016-06-16,253,"06","24"
"wikipedia","en","Hawksbill_sea_turtle","desktop","user","daily",2016-06-17,218,"06","24"
"wikipedia","en","Hawksbill_sea_turtle","desktop","user","daily",2016-06-18,156,"06","24"
"wikipedia","en","Hawksbill_sea_turtle","desktop","user","daily",2016-06-19,210,"06","24"
"wikipedia","en","Hawksbill_sea_turtle","desktop","user","daily",2016-06-20,216,"06","25"
"wikipedia","en","Hawksbill_sea_turtle","desktop","user","daily",2016-06-21,266,"06","25"
"wikipedia","en","Hawksbill_sea_turtle","desktop","user","daily",2016-06-22,211,"06","25"
"wikipedia","en","Hawksbill_sea_turtle","desktop","user","daily",2016-06-23,178,"06","25"
"wikipedia","en","Hawksbill_sea_turtle","desktop","user","daily",2016-06-24,194,"06","25"
"wikipedia","en","Hawksbill_sea_turtle","desktop","user","daily",2016-06-25,110,"06","25"
"wikipedia","en","Hawksbill_sea_turtle","desktop","user","daily",2016-06-26,159,"06","25"
"wikipedia","en","Hawksbill_sea_turtle","desktop","user","daily",2016-06-27,194,"06","26"
"wikipedia","en","Hawksbill_sea_turtle","desktop","user","daily",2016-06-28,198,"06","26"
"wikipedia","en","Hawksbill_sea_turtle","desktop","user","daily",2016-06-29,255,"06","26"
"wikipedia","en","Hawksbill_sea_turtle","desktop","user","daily",2016-06-30,210,"06","26"
"wikipedia","en","Hawksbill_sea_turtle","desktop","user","daily",2016-07-01,158,"07","26"
"wikipedia","en","Hawksbill_sea_turtle","desktop","user","daily",2016-07-02,151,"07","26"
"wikipedia","en","Hawksbill_sea_turtle","desktop","user","daily",2016-07-03,146,"07","26"
"wikipedia","en","Hawksbill_sea_turtle","desktop","user","daily",2016-07-04,175,"07","27"
"wikipedia","en","Hawksbill_sea_turtle","desktop","user","daily",2016-07-05,141,"07","27"
"wikipedia","en","Hawksbill_sea_turtle","desktop","user","daily",2016-07-06,168,"07","27"
"wikipedia","en","Hawksbill_sea_turtle","desktop","user","daily",2016-07-07,186,"07","27"
"wikipedia","en","Hawksbill_sea_turtle","desktop","user","daily",2016-07-08,154,"07","27"
"wikipedia","en","Hawksbill_sea_turtle","desktop","user","daily",2016-07-09,159,"07","27"
"wikipedia","en","Hawksbill_sea_turtle","desktop","user","daily",2016-07-10,135,"07","27"
"wikipedia","en","Hawksbill_sea_turtle","desktop","user","daily",2016-07-11,166,"07","28"
"wikipedia","en","Hawksbill_sea_turtle","desktop","user","daily",2016-07-12,199,"07","28"
"wikipedia","en","Hawksbill_sea_turtle","desktop","user","daily",2016-07-13,170,"07","28"
"wikipedia","en","Hawksbill_sea_turtle","desktop","user","daily",2016-07-14,175,"07","28"
"wikipedia","en","Hawksbill_sea_turtle","desktop","user","daily",2016-07-15,191,"07","28"
"wikipedia","en","Hawksbill_sea_turtle","desktop","user","daily",2016-07-16,133,"07","28"
"wikipedia","en","Hawksbill_sea_turtle","desktop","user","daily",2016-07-17,186,"07","28"
"wikipedia","en","Hawksbill_sea_turtle","desktop","user","daily",2016-07-18,185,"07","29"
"wikipedia","en","Hawksbill_sea_turtle","desktop","user","daily",2016-07-19,182,"07","29"
"wikipedia","en","Hawksbill_sea_turtle","desktop","user","daily",2016-07-20,191,"07","29"
"wikipedia","en","Hawksbill_sea_turtle","desktop","user","daily",2016-07-21,174,"07","29"
"wikipedia","en","Hawksbill_sea_turtle","desktop","user","daily",2016-07-22,175,"07","29"
"wikipedia","en","Hawksbill_sea_turtle","desktop","user","daily",2016-07-23,213,"07","29"
"wikipedia","en","Hawksbill_sea_turtle","desktop","user","daily",2016-07-24,139,"07","29"
"wikipedia","en","Hawksbill_sea_turtle","desktop","user","daily",2016-07-25,201,"07","30"
"wikipedia","en","Hawksbill_sea_turtle","desktop","user","daily",2016-07-26,197,"07","30"
"wikipedia","en","Hawksbill_sea_turtle","desktop","user","daily",2016-07-27,177,"07","30"
"wikipedia","en","Hawksbill_sea_turtle","desktop","user","daily",2016-07-28,202,"07","30"
"wikipedia","en","Hawksbill_sea_turtle","desktop","user","daily",2016-07-29,156,"07","30"
"wikipedia","en","Hawksbill_sea_turtle","desktop","user","daily",2016-07-30,132,"07","30"
"wikipedia","en","Hawksbill_sea_turtle","desktop","user","daily",2016-07-31,191,"07","30"
"wikipedia","en","Hawksbill_sea_turtle","desktop","user","daily",2016-08-01,209,"08","31"
"wikipedia","en","Hawksbill_sea_turtle","desktop","user","daily",2016-08-02,275,"08","31"
"wikipedia","en","Hawksbill_sea_turtle","desktop","user","daily",2016-08-03,221,"08","31"
"wikipedia","en","Hawksbill_sea_turtle","desktop","user","daily",2016-08-04,235,"08","31"
"wikipedia","en","Hawksbill_sea_turtle","desktop","user","daily",2016-08-05,168,"08","31"
"wikipedia","en","Hawksbill_sea_turtle","desktop","user","daily",2016-08-06,170,"08","31"
"wikipedia","en","Hawksbill_sea_turtle","desktop","user","daily",2016-08-07,163,"08","31"
"wikipedia","en","Hawksbill_sea_turtle","desktop","user","daily",2016-08-08,152,"08","32"
"wikipedia","en","Hawksbill_sea_turtle","desktop","user","daily",2016-08-09,161,"08","32"
"wikipedia","en","Hawksbill_sea_turtle","desktop","user","daily",2016-08-10,178,"08","32"
"wikipedia","en","Hawksbill_sea_turtle","desktop","user","daily",2016-08-11,181,"08","32"
"wikipedia","en","Hawksbill_sea_turtle","desktop","user","daily",2016-08-12,147,"08","32"
"wikipedia","en","Hawksbill_sea_turtle","desktop","user","daily",2016-08-13,107,"08","32"
"wikipedia","en","Hawksbill_sea_turtle","desktop","user","daily",2016-08-14,134,"08","32"
"wikipedia","en","Hawksbill_sea_turtle","desktop","user","daily",2016-08-15,147,"08","33"
"wikipedia","en","Hawksbill_sea_turtle","desktop","user","daily",2016-08-16,261,"08","33"
"wikipedia","en","Hawksbill_sea_turtle","desktop","user","daily",2016-08-17,211,"08","33"
"wikipedia","en","Hawksbill_sea_turtle","desktop","user","daily",2016-08-18,174,"08","33"
"wikipedia","en","Hawksbill_sea_turtle","desktop","user","daily",2016-08-19,193,"08","33"
"wikipedia","en","Hawksbill_sea_turtle","desktop","user","daily",2016-08-20,128,"08","33"
"wikipedia","en","Hawksbill_sea_turtle","desktop","user","daily",2016-08-21,162,"08","33"
"wikipedia","en","Hawksbill_sea_turtle","desktop","user","daily",2016-08-22,240,"08","34"
"wikipedia","en","Hawksbill_sea_turtle","desktop","user","daily",2016-08-23,217,"08","34"
"wikipedia","en","Hawksbill_sea_turtle","desktop","user","daily",2016-08-24,202,"08","34"
"wikipedia","en","Hawksbill_sea_turtle","desktop","user","daily",2016-08-25,209,"08","34"
"wikipedia","en","Hawksbill_sea_turtle","desktop","user","daily",2016-08-26,175,"08","34"
"wikipedia","en","Hawksbill_sea_turtle","desktop","user","daily",2016-08-27,161,"08","34"
"wikipedia","en","Hawksbill_sea_turtle","desktop","user","daily",2016-08-28,188,"08","34"
"wikipedia","en","Hawksbill_sea_turtle","desktop","user","daily",2016-08-29,190,"08","35"
"wikipedia","en","Hawksbill_sea_turtle","desktop","user","daily",2016-08-30,223,"08","35"
"wikipedia","en","Hawksbill_sea_turtle","desktop","user","daily",2016-08-31,225,"08","35"
"wikipedia","en","Hawksbill_sea_turtle","desktop","user","daily",2016-09-01,261,"09","35"
"wikipedia","en","Hawksbill_sea_turtle","desktop","user","daily",2016-09-02,201,"09","35"
"wikipedia","en","Hawksbill_sea_turtle","desktop","user","daily",2016-09-03,139,"09","35"
"wikipedia","en","Hawksbill_sea_turtle","desktop","user","daily",2016-09-04,157,"09","35"
"wikipedia","en","Hawksbill_sea_turtle","desktop","user","daily",2016-09-05,202,"09","36"
"wikipedia","en","Hawksbill_sea_turtle","desktop","user","daily",2016-09-06,214,"09","36"
"wikipedia","en","Hawksbill_sea_turtle","desktop","user","daily",2016-09-07,202,"09","36"
"wikipedia","en","Hawksbill_sea_turtle","desktop","user","daily",2016-09-08,208,"09","36"
"wikipedia","en","Hawksbill_sea_turtle","desktop","user","daily",2016-09-09,195,"09","36"
"wikipedia","en","Hawksbill_sea_turtle","desktop","user","daily",2016-09-10,135,"09","36"
"wikipedia","en","Hawksbill_sea_turtle","desktop","user","daily",2016-09-11,121,"09","36"
"wikipedia","en","Hawksbill_sea_turtle","desktop","user","daily",2016-09-12,215,"09","37"
"wikipedia","en","Hawksbill_sea_turtle","desktop","user","daily",2016-09-13,256,"09","37"
"wikipedia","en","Hawksbill_sea_turtle","desktop","user","daily",2016-09-14,245,"09","37"
"wikipedia","en","Hawksbill_sea_turtle","desktop","user","daily",2016-09-15,245,"09","37"
"wikipedia","en","Hawksbill_sea_turtle","desktop","user","daily",2016-09-16,200,"09","37"
"wikipedia","en","Hawksbill_sea_turtle","desktop","user","daily",2016-09-17,168,"09","37"
"wikipedia","en","Hawksbill_sea_turtle","desktop","user","daily",2016-09-18,205,"09","37"
"wikipedia","en","Hawksbill_sea_turtle","desktop","user","daily",2016-09-19,293,"09","38"
"wikipedia","en","Hawksbill_sea_turtle","desktop","user","daily",2016-09-20,313,"09","38"
"wikipedia","en","Hawksbill_sea_turtle","desktop","user","daily",2016-09-21,239,"09","38"
"wikipedia","en","Hawksbill_sea_turtle","desktop","user","daily",2016-09-22,432,"09","38"
"wikipedia","en","Hawksbill_sea_turtle","desktop","user","daily",2016-09-23,269,"09","38"
"wikipedia","en","Hawksbill_sea_turtle","desktop","user","daily",2016-09-24,164,"09","38"
"wikipedia","en","Hawksbill_sea_turtle","desktop","user","daily",2016-09-25,161,"09","38"
"wikipedia","en","Hawksbill_sea_turtle","desktop","user","daily",2016-09-26,208,"09","39"
"wikipedia","en","Hawksbill_sea_turtle","desktop","user","daily",2016-09-27,233,"09","39"
"wikipedia","en","Hawksbill_sea_turtle","desktop","user","daily",2016-09-28,283,"09","39"
"wikipedia","en","Hawksbill_sea_turtle","desktop","user","daily",2016-09-29,251,"09","39"
"wikipedia","en","Hawksbill_sea_turtle","desktop","user","daily",2016-09-30,209,"09","39"
"wikipedia","en","Hawksbill_sea_turtle","desktop","user","daily",2016-10-01,125,"10","39"
"wikipedia","en","Hawksbill_sea_turtle","desktop","user","daily",2016-10-02,189,"10","39"
"wikipedia","en","Hawksbill_sea_turtle","desktop","user","daily",2016-10-03,252,"10","40"
"wikipedia","en","Hawksbill_sea_turtle","desktop","user","daily",2016-10-04,267,"10","40"
"wikipedia","en","Hawksbill_sea_turtle","desktop","user","daily",2016-10-05,227,"10","40"
"wikipedia","en","Hawksbill_sea_turtle","desktop","user","daily",2016-10-06,240,"10","40"
"wikipedia","en","Hawksbill_sea_turtle","desktop","user","daily",2016-10-07,219,"10","40"
"wikipedia","en","Hawksbill_sea_turtle","desktop","user","daily",2016-10-08,188,"10","40"
"wikipedia","en","Hawksbill_sea_turtle","desktop","user","daily",2016-10-09,185,"10","40"
"wikipedia","en","Hawksbill_sea_turtle","desktop","user","daily",2016-10-10,280,"10","41"
"wikipedia","en","Hawksbill_sea_turtle","desktop","user","daily",2016-10-11,239,"10","41"
"wikipedia","en","Hawksbill_sea_turtle","desktop","user","daily",2016-10-12,268,"10","41"
"wikipedia","en","Hawksbill_sea_turtle","desktop","user","daily",2016-10-13,303,"10","41"
"wikipedia","en","Hawksbill_sea_turtle","desktop","user","daily",2016-10-14,235,"10","41"
"wikipedia","en","Hawksbill_sea_turtle","desktop","user","daily",2016-10-15,142,"10","41"
"wikipedia","en","Hawksbill_sea_turtle","desktop","user","daily",2016-10-16,184,"10","41"
"wikipedia","en","Hawksbill_sea_turtle","desktop","user","daily",2016-10-17,289,"10","42"
"wikipedia","en","Hawksbill_sea_turtle","desktop","user","daily",2016-10-18,289,"10","42"
"wikipedia","en","Hawksbill_sea_turtle","desktop","user","daily",2016-10-19,247,"10","42"
"wikipedia","en","Hawksbill_sea_turtle","desktop","user","daily",2016-10-20,311,"10","42"
"wikipedia","en","Hawksbill_sea_turtle","desktop","user","daily",2016-10-21,230,"10","42"
"wikipedia","en","Hawksbill_sea_turtle","desktop","user","daily",2016-10-22,134,"10","42"
"wikipedia","en","Hawksbill_sea_turtle","desktop","user","daily",2016-10-23,194,"10","42"
"wikipedia","en","Hawksbill_sea_turtle","desktop","user","daily",2016-10-24,309,"10","43"
"wikipedia","en","Hawksbill_sea_turtle","desktop","user","daily",2016-10-25,330,"10","43"
"wikipedia","en","Hawksbill_sea_turtle","desktop","user","daily",2016-10-26,256,"10","43"
"wikipedia","en","Hawksbill_sea_turtle","desktop","user","daily",2016-10-27,255,"10","43"
"wikipedia","en","Hawksbill_sea_turtle","desktop","user","daily",2016-10-28,211,"10","43"
"wikipedia","en","Hawksbill_sea_turtle","desktop","user","daily",2016-10-29,277,"10","43"
"wikipedia","en","Hawksbill_sea_turtle","desktop","user","daily",2016-10-30,186,"10","43"
"wikipedia","en","Hawksbill_sea_turtle","desktop","user","daily",2016-10-31,255,"10","44"
"wikipedia","en","Hawksbill_sea_turtle","desktop","user","daily",2016-11-01,279,"11","44"
"wikipedia","en","Hawksbill_sea_turtle","desktop","user","daily",2016-11-02,300,"11","44"
"wikipedia","en","Hawksbill_sea_turtle","desktop","user","daily",2016-11-03,285,"11","44"
"wikipedia","en","Hawksbill_sea_turtle","desktop","user","daily",2016-11-04,271,"11","44"
"wikipedia","en","Hawksbill_sea_turtle","desktop","user","daily",2016-11-05,118,"11","44"
"wikipedia","en","Hawksbill_sea_turtle","desktop","user","daily",2016-11-06,183,"11","44"
"wikipedia","en","Hawksbill_sea_turtle","desktop","user","daily",2016-11-07,291,"11","45"
"wikipedia","en","Hawksbill_sea_turtle","desktop","user","daily",2016-11-08,266,"11","45"
"wikipedia","en","Hawksbill_sea_turtle","desktop","user","daily",2016-11-09,270,"11","45"
"wikipedia","en","Hawksbill_sea_turtle","desktop","user","daily",2016-11-10,314,"11","45"
"wikipedia","en","Hawksbill_sea_turtle","desktop","user","daily",2016-11-11,230,"11","45"
"wikipedia","en","Hawksbill_sea_turtle","desktop","user","daily",2016-11-12,184,"11","45"
"wikipedia","en","Hawksbill_sea_turtle","desktop","user","daily",2016-11-13,160,"11","45"
"wikipedia","en","Hawksbill_sea_turtle","desktop","user","daily",2016-11-14,301,"11","46"
"wikipedia","en","Hawksbill_sea_turtle","desktop","user","daily",2016-11-15,336,"11","46"
"wikipedia","en","Hawksbill_sea_turtle","desktop","user","daily",2016-11-16,331,"11","46"
"wikipedia","en","Hawksbill_sea_turtle","desktop","user","daily",2016-11-17,320,"11","46"
"wikipedia","en","Hawksbill_sea_turtle","desktop","user","daily",2016-11-18,241,"11","46"
"wikipedia","en","Hawksbill_sea_turtle","desktop","user","daily",2016-11-19,137,"11","46"
"wikipedia","en","Hawksbill_sea_turtle","desktop","user","daily",2016-11-20,179,"11","46"
"wikipedia","en","Hawksbill_sea_turtle","desktop","user","daily",2016-11-21,302,"11","47"
"wikipedia","en","Hawksbill_sea_turtle","desktop","user","daily",2016-11-22,279,"11","47"
"wikipedia","en","Hawksbill_sea_turtle","desktop","user","daily",2016-11-23,257,"11","47"
"wikipedia","en","Hawksbill_sea_turtle","desktop","user","daily",2016-11-24,216,"11","47"
"wikipedia","en","Hawksbill_sea_turtle","desktop","user","daily",2016-11-25,190,"11","47"
"wikipedia","en","Hawksbill_sea_turtle","desktop","user","daily",2016-11-26,150,"11","47"
"wikipedia","en","Hawksbill_sea_turtle","desktop","user","daily",2016-11-27,174,"11","47"
"wikipedia","en","Hawksbill_sea_turtle","desktop","user","daily",2016-11-28,902,"11","48"
"wikipedia","en","Hawksbill_sea_turtle","desktop","user","daily",2016-11-29,306,"11","48"
"wikipedia","en","Hawksbill_sea_turtle","desktop","user","daily",2016-11-30,306,"11","48"
"wikipedia","en","Hawksbill_sea_turtle","desktop","user","daily",2016-12-01,333,"12","48"
"wikipedia","en","Hawksbill_sea_turtle","desktop","user","daily",2016-12-02,233,"12","48"
"wikipedia","en","Hawksbill_sea_turtle","desktop","user","daily",2016-12-03,157,"12","48"
"wikipedia","en","Hawksbill_sea_turtle","desktop","user","daily",2016-12-04,232,"12","48"
"wikipedia","en","Hawksbill_sea_turtle","desktop","user","daily",2016-12-05,309,"12","49"
"wikipedia","en","Hawksbill_sea_turtle","desktop","user","daily",2016-12-06,306,"12","49"
"wikipedia","en","Hawksbill_sea_turtle","desktop","user","daily",2016-12-07,282,"12","49"
"wikipedia","en","Hawksbill_sea_turtle","desktop","user","daily",2016-12-08,288,"12","49"
"wikipedia","en","Hawksbill_sea_turtle","desktop","user","daily",2016-12-09,258,"12","49"
"wikipedia","en","Hawksbill_sea_turtle","desktop","user","daily",2016-12-10,160,"12","49"
"wikipedia","en","Hawksbill_sea_turtle","desktop","user","daily",2016-12-11,238,"12","49"
"wikipedia","en","Hawksbill_sea_turtle","desktop","user","daily",2016-12-12,445,"12","50"
"wikipedia","en","Hawksbill_sea_turtle","desktop","user","daily",2016-12-13,270,"12","50"
"wikipedia","en","Hawksbill_sea_turtle","desktop","user","daily",2016-12-14,311,"12","50"
"wikipedia","en","Hawksbill_sea_turtle","desktop","user","daily",2016-12-15,238,"12","50"
"wikipedia","en","Hawksbill_sea_turtle","desktop","user","daily",2016-12-16,236,"12","50"
"wikipedia","en","Hawksbill_sea_turtle","desktop","user","daily",2016-12-17,121,"12","50"
"wikipedia","en","Hawksbill_sea_turtle","desktop","user","daily",2016-12-18,155,"12","50"
"wikipedia","en","Hawksbill_sea_turtle","desktop","user","daily",2016-12-19,198,"12","51"
"wikipedia","en","Hawksbill_sea_turtle","desktop","user","daily",2016-12-20,186,"12","51"
"wikipedia","en","Hawksbill_sea_turtle","desktop","user","daily",2016-12-21,175,"12","51"
"wikipedia","en","Hawksbill_sea_turtle","desktop","user","daily",2016-12-22,155,"12","51"
"wikipedia","en","Hawksbill_sea_turtle","desktop","user","daily",2016-12-23,110,"12","51"
"wikipedia","en","Hawksbill_sea_turtle","desktop","user","daily",2016-12-24,102,"12","51"
"wikipedia","en","Hawksbill_sea_turtle","desktop","user","daily",2016-12-25,89,"12","51"
"wikipedia","en","Hawksbill_sea_turtle","desktop","user","daily",2016-12-26,597,"12","52"
"wikipedia","en","Hawksbill_sea_turtle","desktop","user","daily",2016-12-27,119,"12","52"
"wikipedia","en","Hawksbill_sea_turtle","desktop","user","daily",2016-12-28,146,"12","52"
"wikipedia","en","Hawksbill_sea_turtle","desktop","user","daily",2016-12-29,156,"12","52"
"wikipedia","en","Hawksbill_sea_turtle","desktop","user","daily",2016-12-30,147,"12","52"
"wikipedia","en","Hawksbill_sea_turtle","desktop","user","daily",2016-12-31,101,"12","52"
"wikipedia","en","Hawksbill_sea_turtle","mobile-web","user","daily",2016-01-01,113,"01","00"
"wikipedia","en","Hawksbill_sea_turtle","mobile-web","user","daily",2016-01-02,174,"01","00"
"wikipedia","en","Hawksbill_sea_turtle","mobile-web","user","daily",2016-01-03,176,"01","00"
"wikipedia","en","Hawksbill_sea_turtle","mobile-web","user","daily",2016-01-04,143,"01","01"
"wikipedia","en","Hawksbill_sea_turtle","mobile-web","user","daily",2016-01-05,151,"01","01"
"wikipedia","en","Hawksbill_sea_turtle","mobile-web","user","daily",2016-01-06,194,"01","01"
"wikipedia","en","Hawksbill_sea_turtle","mobile-web","user","daily",2016-01-07,128,"01","01"
"wikipedia","en","Hawksbill_sea_turtle","mobile-web","user","daily",2016-01-08,119,"01","01"
"wikipedia","en","Hawksbill_sea_turtle","mobile-web","user","daily",2016-01-09,120,"01","01"
"wikipedia","en","Hawksbill_sea_turtle","mobile-web","user","daily",2016-01-10,185,"01","01"
"wikipedia","en","Hawksbill_sea_turtle","mobile-web","user","daily",2016-01-11,152,"01","02"
"wikipedia","en","Hawksbill_sea_turtle","mobile-web","user","daily",2016-01-12,160,"01","02"
"wikipedia","en","Hawksbill_sea_turtle","mobile-web","user","daily",2016-01-13,198,"01","02"
"wikipedia","en","Hawksbill_sea_turtle","mobile-web","user","daily",2016-01-14,151,"01","02"
"wikipedia","en","Hawksbill_sea_turtle","mobile-web","user","daily",2016-01-15,115,"01","02"
"wikipedia","en","Hawksbill_sea_turtle","mobile-web","user","daily",2016-01-16,146,"01","02"
"wikipedia","en","Hawksbill_sea_turtle","mobile-web","user","daily",2016-01-17,176,"01","02"
"wikipedia","en","Hawksbill_sea_turtle","mobile-web","user","daily",2016-01-18,150,"01","03"
"wikipedia","en","Hawksbill_sea_turtle","mobile-web","user","daily",2016-01-19,150,"01","03"
"wikipedia","en","Hawksbill_sea_turtle","mobile-web","user","daily",2016-01-20,159,"01","03"
"wikipedia","en","Hawksbill_sea_turtle","mobile-web","user","daily",2016-01-21,150,"01","03"
"wikipedia","en","Hawksbill_sea_turtle","mobile-web","user","daily",2016-01-22,116,"01","03"
"wikipedia","en","Hawksbill_sea_turtle","mobile-web","user","daily",2016-01-23,117,"01","03"
"wikipedia","en","Hawksbill_sea_turtle","mobile-web","user","daily",2016-01-24,136,"01","03"
"wikipedia","en","Hawksbill_sea_turtle","mobile-web","user","daily",2016-01-25,135,"01","04"
"wikipedia","en","Hawksbill_sea_turtle","mobile-web","user","daily",2016-01-26,155,"01","04"
"wikipedia","en","Hawksbill_sea_turtle","mobile-web","user","daily",2016-01-27,165,"01","04"
"wikipedia","en","Hawksbill_sea_turtle","mobile-web","user","daily",2016-01-28,170,"01","04"
"wikipedia","en","Hawksbill_sea_turtle","mobile-web","user","daily",2016-01-29,125,"01","04"
"wikipedia","en","Hawksbill_sea_turtle","mobile-web","user","daily",2016-01-30,118,"01","04"
"wikipedia","en","Hawksbill_sea_turtle","mobile-web","user","daily",2016-01-31,129,"01","04"
"wikipedia","en","Hawksbill_sea_turtle","mobile-web","user","daily",2016-02-01,130,"02","05"
"wikipedia","en","Hawksbill_sea_turtle","mobile-web","user","daily",2016-02-02,133,"02","05"
"wikipedia","en","Hawksbill_sea_turtle","mobile-web","user","daily",2016-02-03,123,"02","05"
"wikipedia","en","Hawksbill_sea_turtle","mobile-web","user","daily",2016-02-04,119,"02","05"
"wikipedia","en","Hawksbill_sea_turtle","mobile-web","user","daily",2016-02-05,132,"02","05"
"wikipedia","en","Hawksbill_sea_turtle","mobile-web","user","daily",2016-02-06,114,"02","05"
"wikipedia","en","Hawksbill_sea_turtle","mobile-web","user","daily",2016-02-07,125,"02","05"
"wikipedia","en","Hawksbill_sea_turtle","mobile-web","user","daily",2016-02-08,144,"02","06"
"wikipedia","en","Hawksbill_sea_turtle","mobile-web","user","daily",2016-02-09,127,"02","06"
"wikipedia","en","Hawksbill_sea_turtle","mobile-web","user","daily",2016-02-10,140,"02","06"
"wikipedia","en","Hawksbill_sea_turtle","mobile-web","user","daily",2016-02-11,145,"02","06"
"wikipedia","en","Hawksbill_sea_turtle","mobile-web","user","daily",2016-02-12,119,"02","06"
"wikipedia","en","Hawksbill_sea_turtle","mobile-web","user","daily",2016-02-13,117,"02","06"
"wikipedia","en","Hawksbill_sea_turtle","mobile-web","user","daily",2016-02-14,172,"02","06"
"wikipedia","en","Hawksbill_sea_turtle","mobile-web","user","daily",2016-02-15,99,"02","07"
"wikipedia","en","Hawksbill_sea_turtle","mobile-web","user","daily",2016-02-16,153,"02","07"
"wikipedia","en","Hawksbill_sea_turtle","mobile-web","user","daily",2016-02-17,217,"02","07"
"wikipedia","en","Hawksbill_sea_turtle","mobile-web","user","daily",2016-02-18,157,"02","07"
"wikipedia","en","Hawksbill_sea_turtle","mobile-web","user","daily",2016-02-19,116,"02","07"
"wikipedia","en","Hawksbill_sea_turtle","mobile-web","user","daily",2016-02-20,153,"02","07"
"wikipedia","en","Hawksbill_sea_turtle","mobile-web","user","daily",2016-02-21,145,"02","07"
"wikipedia","en","Hawksbill_sea_turtle","mobile-web","user","daily",2016-02-22,170,"02","08"
"wikipedia","en","Hawksbill_sea_turtle","mobile-web","user","daily",2016-02-23,126,"02","08"
"wikipedia","en","Hawksbill_sea_turtle","mobile-web","user","daily",2016-02-24,135,"02","08"
"wikipedia","en","Hawksbill_sea_turtle","mobile-web","user","daily",2016-02-25,129,"02","08"
"wikipedia","en","Hawksbill_sea_turtle","mobile-web","user","daily",2016-02-26,130,"02","08"
"wikipedia","en","Hawksbill_sea_turtle","mobile-web","user","daily",2016-02-27,84,"02","08"
"wikipedia","en","Hawksbill_sea_turtle","mobile-web","user","daily",2016-02-28,117,"02","08"
"wikipedia","en","Hawksbill_sea_turtle","mobile-web","user","daily",2016-02-29,140,"02","09"
"wikipedia","en","Hawksbill_sea_turtle","mobile-web","user","daily",2016-03-01,238,"03","09"
"wikipedia","en","Hawksbill_sea_turtle","mobile-web","user","daily",2016-03-02,190,"03","09"
"wikipedia","en","Hawksbill_sea_turtle","mobile-web","user","daily",2016-03-03,188,"03","09"
"wikipedia","en","Hawksbill_sea_turtle","mobile-web","user","daily",2016-03-04,148,"03","09"
"wikipedia","en","Hawksbill_sea_turtle","mobile-web","user","daily",2016-03-05,118,"03","09"
"wikipedia","en","Hawksbill_sea_turtle","mobile-web","user","daily",2016-03-06,157,"03","09"
"wikipedia","en","Hawksbill_sea_turtle","mobile-web","user","daily",2016-03-07,152,"03","10"
"wikipedia","en","Hawksbill_sea_turtle","mobile-web","user","daily",2016-03-08,159,"03","10"
"wikipedia","en","Hawksbill_sea_turtle","mobile-web","user","daily",2016-03-09,167,"03","10"
"wikipedia","en","Hawksbill_sea_turtle","mobile-web","user","daily",2016-03-10,152,"03","10"
"wikipedia","en","Hawksbill_sea_turtle","mobile-web","user","daily",2016-03-11,160,"03","10"
"wikipedia","en","Hawksbill_sea_turtle","mobile-web","user","daily",2016-03-12,129,"03","10"
"wikipedia","en","Hawksbill_sea_turtle","mobile-web","user","daily",2016-03-13,140,"03","10"
"wikipedia","en","Hawksbill_sea_turtle","mobile-web","user","daily",2016-03-14,216,"03","11"
"wikipedia","en","Hawksbill_sea_turtle","mobile-web","user","daily",2016-03-15,140,"03","11"
"wikipedia","en","Hawksbill_sea_turtle","mobile-web","user","daily",2016-03-16,133,"03","11"
"wikipedia","en","Hawksbill_sea_turtle","mobile-web","user","daily",2016-03-17,132,"03","11"
"wikipedia","en","Hawksbill_sea_turtle","mobile-web","user","daily",2016-03-18,143,"03","11"
"wikipedia","en","Hawksbill_sea_turtle","mobile-web","user","daily",2016-03-19,75,"03","11"
"wikipedia","en","Hawksbill_sea_turtle","mobile-web","user","daily",2016-03-20,100,"03","11"
"wikipedia","en","Hawksbill_sea_turtle","mobile-web","user","daily",2016-03-21,118,"03","12"
"wikipedia","en","Hawksbill_sea_turtle","mobile-web","user","daily",2016-03-22,124,"03","12"
"wikipedia","en","Hawksbill_sea_turtle","mobile-web","user","daily",2016-03-23,118,"03","12"
"wikipedia","en","Hawksbill_sea_turtle","mobile-web","user","daily",2016-03-24,112,"03","12"
"wikipedia","en","Hawksbill_sea_turtle","mobile-web","user","daily",2016-03-25,101,"03","12"
"wikipedia","en","Hawksbill_sea_turtle","mobile-web","user","daily",2016-03-26,88,"03","12"
"wikipedia","en","Hawksbill_sea_turtle","mobile-web","user","daily",2016-03-27,101,"03","12"
"wikipedia","en","Hawksbill_sea_turtle","mobile-web","user","daily",2016-03-28,95,"03","13"
"wikipedia","en","Hawksbill_sea_turtle","mobile-web","user","daily",2016-03-29,128,"03","13"
"wikipedia","en","Hawksbill_sea_turtle","mobile-web","user","daily",2016-03-30,128,"03","13"
"wikipedia","en","Hawksbill_sea_turtle","mobile-web","user","daily",2016-03-31,107,"03","13"
"wikipedia","en","Hawksbill_sea_turtle","mobile-web","user","daily",2016-04-01,104,"04","13"
"wikipedia","en","Hawksbill_sea_turtle","mobile-web","user","daily",2016-04-02,91,"04","13"
"wikipedia","en","Hawksbill_sea_turtle","mobile-web","user","daily",2016-04-03,128,"04","13"
"wikipedia","en","Hawksbill_sea_turtle","mobile-web","user","daily",2016-04-04,142,"04","14"
"wikipedia","en","Hawksbill_sea_turtle","mobile-web","user","daily",2016-04-05,133,"04","14"
"wikipedia","en","Hawksbill_sea_turtle","mobile-web","user","daily",2016-04-06,169,"04","14"
"wikipedia","en","Hawksbill_sea_turtle","mobile-web","user","daily",2016-04-07,127,"04","14"
"wikipedia","en","Hawksbill_sea_turtle","mobile-web","user","daily",2016-04-08,114,"04","14"
"wikipedia","en","Hawksbill_sea_turtle","mobile-web","user","daily",2016-04-09,130,"04","14"
"wikipedia","en","Hawksbill_sea_turtle","mobile-web","user","daily",2016-04-10,136,"04","14"
"wikipedia","en","Hawksbill_sea_turtle","mobile-web","user","daily",2016-04-11,194,"04","15"
"wikipedia","en","Hawksbill_sea_turtle","mobile-web","user","daily",2016-04-12,150,"04","15"
"wikipedia","en","Hawksbill_sea_turtle","mobile-web","user","daily",2016-04-13,151,"04","15"
"wikipedia","en","Hawksbill_sea_turtle","mobile-web","user","daily",2016-04-14,201,"04","15"
"wikipedia","en","Hawksbill_sea_turtle","mobile-web","user","daily",2016-04-15,145,"04","15"
"wikipedia","en","Hawksbill_sea_turtle","mobile-web","user","daily",2016-04-16,98,"04","15"
"wikipedia","en","Hawksbill_sea_turtle","mobile-web","user","daily",2016-04-17,116,"04","15"
"wikipedia","en","Hawksbill_sea_turtle","mobile-web","user","daily",2016-04-18,158,"04","16"
"wikipedia","en","Hawksbill_sea_turtle","mobile-web","user","daily",2016-04-19,168,"04","16"
"wikipedia","en","Hawksbill_sea_turtle","mobile-web","user","daily",2016-04-20,175,"04","16"
"wikipedia","en","Hawksbill_sea_turtle","mobile-web","user","daily",2016-04-21,180,"04","16"
"wikipedia","en","Hawksbill_sea_turtle","mobile-web","user","daily",2016-04-22,188,"04","16"
"wikipedia","en","Hawksbill_sea_turtle","mobile-web","user","daily",2016-04-23,111,"04","16"
"wikipedia","en","Hawksbill_sea_turtle","mobile-web","user","daily",2016-04-24,149,"04","16"
"wikipedia","en","Hawksbill_sea_turtle","mobile-web","user","daily",2016-04-25,196,"04","17"
"wikipedia","en","Hawksbill_sea_turtle","mobile-web","user","daily",2016-04-26,194,"04","17"
"wikipedia","en","Hawksbill_sea_turtle","mobile-web","user","daily",2016-04-27,148,"04","17"
"wikipedia","en","Hawksbill_sea_turtle","mobile-web","user","daily",2016-04-28,172,"04","17"
"wikipedia","en","Hawksbill_sea_turtle","mobile-web","user","daily",2016-04-29,137,"04","17"
"wikipedia","en","Hawksbill_sea_turtle","mobile-web","user","daily",2016-04-30,97,"04","17"
"wikipedia","en","Hawksbill_sea_turtle","mobile-web","user","daily",2016-05-01,134,"05","17"
"wikipedia","en","Hawksbill_sea_turtle","mobile-web","user","daily",2016-05-02,158,"05","18"
"wikipedia","en","Hawksbill_sea_turtle","mobile-web","user","daily",2016-05-03,190,"05","18"
"wikipedia","en","Hawksbill_sea_turtle","mobile-web","user","daily",2016-05-04,138,"05","18"
"wikipedia","en","Hawksbill_sea_turtle","mobile-web","user","daily",2016-05-05,141,"05","18"
"wikipedia","en","Hawksbill_sea_turtle","mobile-web","user","daily",2016-05-06,138,"05","18"
"wikipedia","en","Hawksbill_sea_turtle","mobile-web","user","daily",2016-05-07,94,"05","18"
"wikipedia","en","Hawksbill_sea_turtle","mobile-web","user","daily",2016-05-08,118,"05","18"
"wikipedia","en","Hawksbill_sea_turtle","mobile-web","user","daily",2016-05-09,186,"05","19"
"wikipedia","en","Hawksbill_sea_turtle","mobile-web","user","daily",2016-05-10,175,"05","19"
"wikipedia","en","Hawksbill_sea_turtle","mobile-web","user","daily",2016-05-11,166,"05","19"
"wikipedia","en","Hawksbill_sea_turtle","mobile-web","user","daily",2016-05-12,166,"05","19"
"wikipedia","en","Hawksbill_sea_turtle","mobile-web","user","daily",2016-05-13,191,"05","19"
"wikipedia","en","Hawksbill_sea_turtle","mobile-web","user","daily",2016-05-14,104,"05","19"
"wikipedia","en","Hawksbill_sea_turtle","mobile-web","user","daily",2016-05-15,111,"05","19"
"wikipedia","en","Hawksbill_sea_turtle","mobile-web","user","daily",2016-05-16,172,"05","20"
"wikipedia","en","Hawksbill_sea_turtle","mobile-web","user","daily",2016-05-17,166,"05","20"
"wikipedia","en","Hawksbill_sea_turtle","mobile-web","user","daily",2016-05-18,190,"05","20"
"wikipedia","en","Hawksbill_sea_turtle","mobile-web","user","daily",2016-05-19,173,"05","20"
"wikipedia","en","Hawksbill_sea_turtle","mobile-web","user","daily",2016-05-20,168,"05","20"
"wikipedia","en","Hawksbill_sea_turtle","mobile-web","user","daily",2016-05-21,172,"05","20"
"wikipedia","en","Hawksbill_sea_turtle","mobile-web","user","daily",2016-05-22,175,"05","20"
"wikipedia","en","Hawksbill_sea_turtle","mobile-web","user","daily",2016-05-23,186,"05","21"
"wikipedia","en","Hawksbill_sea_turtle","mobile-web","user","daily",2016-05-24,213,"05","21"
"wikipedia","en","Hawksbill_sea_turtle","mobile-web","user","daily",2016-05-25,168,"05","21"
"wikipedia","en","Hawksbill_sea_turtle","mobile-web","user","daily",2016-05-26,176,"05","21"
"wikipedia","en","Hawksbill_sea_turtle","mobile-web","user","daily",2016-05-27,136,"05","21"
"wikipedia","en","Hawksbill_sea_turtle","mobile-web","user","daily",2016-05-28,133,"05","21"
"wikipedia","en","Hawksbill_sea_turtle","mobile-web","user","daily",2016-05-29,129,"05","21"
"wikipedia","en","Hawksbill_sea_turtle","mobile-web","user","daily",2016-05-30,142,"05","22"
"wikipedia","en","Hawksbill_sea_turtle","mobile-web","user","daily",2016-05-31,155,"05","22"
"wikipedia","en","Hawksbill_sea_turtle","mobile-web","user","daily",2016-06-01,152,"06","22"
"wikipedia","en","Hawksbill_sea_turtle","mobile-web","user","daily",2016-06-02,166,"06","22"
"wikipedia","en","Hawksbill_sea_turtle","mobile-web","user","daily",2016-06-03,146,"06","22"
"wikipedia","en","Hawksbill_sea_turtle","mobile-web","user","daily",2016-06-04,115,"06","22"
"wikipedia","en","Hawksbill_sea_turtle","mobile-web","user","daily",2016-06-05,146,"06","22"
"wikipedia","en","Hawksbill_sea_turtle","mobile-web","user","daily",2016-06-06,158,"06","23"
"wikipedia","en","Hawksbill_sea_turtle","mobile-web","user","daily",2016-06-07,151,"06","23"
"wikipedia","en","Hawksbill_sea_turtle","mobile-web","user","daily",2016-06-08,139,"06","23"
"wikipedia","en","Hawksbill_sea_turtle","mobile-web","user","daily",2016-06-09,137,"06","23"
"wikipedia","en","Hawksbill_sea_turtle","mobile-web","user","daily",2016-06-10,132,"06","23"
"wikipedia","en","Hawksbill_sea_turtle","mobile-web","user","daily",2016-06-11,116,"06","23"
"wikipedia","en","Hawksbill_sea_turtle","mobile-web","user","daily",2016-06-12,159,"06","23"
"wikipedia","en","Hawksbill_sea_turtle","mobile-web","user","daily",2016-06-13,132,"06","24"
"wikipedia","en","Hawksbill_sea_turtle","mobile-web","user","daily",2016-06-14,138,"06","24"
"wikipedia","en","Hawksbill_sea_turtle","mobile-web","user","daily",2016-06-15,154,"06","24"
"wikipedia","en","Hawksbill_sea_turtle","mobile-web","user","daily",2016-06-16,124,"06","24"
"wikipedia","en","Hawksbill_sea_turtle","mobile-web","user","daily",2016-06-17,169,"06","24"
"wikipedia","en","Hawksbill_sea_turtle","mobile-web","user","daily",2016-06-18,167,"06","24"
"wikipedia","en","Hawksbill_sea_turtle","mobile-web","user","daily",2016-06-19,172,"06","24"
"wikipedia","en","Hawksbill_sea_turtle","mobile-web","user","daily",2016-06-20,132,"06","25"
"wikipedia","en","Hawksbill_sea_turtle","mobile-web","user","daily",2016-06-21,210,"06","25"
"wikipedia","en","Hawksbill_sea_turtle","mobile-web","user","daily",2016-06-22,187,"06","25"
"wikipedia","en","Hawksbill_sea_turtle","mobile-web","user","daily",2016-06-23,149,"06","25"
"wikipedia","en","Hawksbill_sea_turtle","mobile-web","user","daily",2016-06-24,162,"06","25"
"wikipedia","en","Hawksbill_sea_turtle","mobile-web","user","daily",2016-06-25,121,"06","25"
"wikipedia","en","Hawksbill_sea_turtle","mobile-web","user","daily",2016-06-26,135,"06","25"
"wikipedia","en","Hawksbill_sea_turtle","mobile-web","user","daily",2016-06-27,160,"06","26"
"wikipedia","en","Hawksbill_sea_turtle","mobile-web","user","daily",2016-06-28,138,"06","26"
"wikipedia","en","Hawksbill_sea_turtle","mobile-web","user","daily",2016-06-29,142,"06","26"
"wikipedia","en","Hawksbill_sea_turtle","mobile-web","user","daily",2016-06-30,163,"06","26"
"wikipedia","en","Hawksbill_sea_turtle","mobile-web","user","daily",2016-07-01,149,"07","26"
"wikipedia","en","Hawksbill_sea_turtle","mobile-web","user","daily",2016-07-02,188,"07","26"
"wikipedia","en","Hawksbill_sea_turtle","mobile-web","user","daily",2016-07-03,155,"07","26"
"wikipedia","en","Hawksbill_sea_turtle","mobile-web","user","daily",2016-07-04,126,"07","27"
"wikipedia","en","Hawksbill_sea_turtle","mobile-web","user","daily",2016-07-05,144,"07","27"
"wikipedia","en","Hawksbill_sea_turtle","mobile-web","user","daily",2016-07-06,121,"07","27"
"wikipedia","en","Hawksbill_sea_turtle","mobile-web","user","daily",2016-07-07,137,"07","27"
"wikipedia","en","Hawksbill_sea_turtle","mobile-web","user","daily",2016-07-08,101,"07","27"
"wikipedia","en","Hawksbill_sea_turtle","mobile-web","user","daily",2016-07-09,164,"07","27"
"wikipedia","en","Hawksbill_sea_turtle","mobile-web","user","daily",2016-07-10,173,"07","27"
"wikipedia","en","Hawksbill_sea_turtle","mobile-web","user","daily",2016-07-11,155,"07","28"
"wikipedia","en","Hawksbill_sea_turtle","mobile-web","user","daily",2016-07-12,143,"07","28"
"wikipedia","en","Hawksbill_sea_turtle","mobile-web","user","daily",2016-07-13,136,"07","28"
"wikipedia","en","Hawksbill_sea_turtle","mobile-web","user","daily",2016-07-14,148,"07","28"
"wikipedia","en","Hawksbill_sea_turtle","mobile-web","user","daily",2016-07-15,113,"07","28"
"wikipedia","en","Hawksbill_sea_turtle","mobile-web","user","daily",2016-07-16,120,"07","28"
"wikipedia","en","Hawksbill_sea_turtle","mobile-web","user","daily",2016-07-17,185,"07","28"
"wikipedia","en","Hawksbill_sea_turtle","mobile-web","user","daily",2016-07-18,161,"07","29"
"wikipedia","en","Hawksbill_sea_turtle","mobile-web","user","daily",2016-07-19,148,"07","29"
"wikipedia","en","Hawksbill_sea_turtle","mobile-web","user","daily",2016-07-20,142,"07","29"
"wikipedia","en","Hawksbill_sea_turtle","mobile-web","user","daily",2016-07-21,151,"07","29"
"wikipedia","en","Hawksbill_sea_turtle","mobile-web","user","daily",2016-07-22,137,"07","29"
"wikipedia","en","Hawksbill_sea_turtle","mobile-web","user","daily",2016-07-23,115,"07","29"
"wikipedia","en","Hawksbill_sea_turtle","mobile-web","user","daily",2016-07-24,141,"07","29"
"wikipedia","en","Hawksbill_sea_turtle","mobile-web","user","daily",2016-07-25,148,"07","30"
"wikipedia","en","Hawksbill_sea_turtle","mobile-web","user","daily",2016-07-26,122,"07","30"
"wikipedia","en","Hawksbill_sea_turtle","mobile-web","user","daily",2016-07-27,143,"07","30"
"wikipedia","en","Hawksbill_sea_turtle","mobile-web","user","daily",2016-07-28,170,"07","30"
"wikipedia","en","Hawksbill_sea_turtle","mobile-web","user","daily",2016-07-29,117,"07","30"
"wikipedia","en","Hawksbill_sea_turtle","mobile-web","user","daily",2016-07-30,169,"07","30"
"wikipedia","en","Hawksbill_sea_turtle","mobile-web","user","daily",2016-07-31,170,"07","30"
"wikipedia","en","Hawksbill_sea_turtle","mobile-web","user","daily",2016-08-01,137,"08","31"
"wikipedia","en","Hawksbill_sea_turtle","mobile-web","user","daily",2016-08-02,200,"08","31"
"wikipedia","en","Hawksbill_sea_turtle","mobile-web","user","daily",2016-08-03,227,"08","31"
"wikipedia","en","Hawksbill_sea_turtle","mobile-web","user","daily",2016-08-04,170,"08","31"
"wikipedia","en","Hawksbill_sea_turtle","mobile-web","user","daily",2016-08-05,147,"08","31"
"wikipedia","en","Hawksbill_sea_turtle","mobile-web","user","daily",2016-08-06,188,"08","31"
"wikipedia","en","Hawksbill_sea_turtle","mobile-web","user","daily",2016-08-07,156,"08","31"
"wikipedia","en","Hawksbill_sea_turtle","mobile-web","user","daily",2016-08-08,143,"08","32"
"wikipedia","en","Hawksbill_sea_turtle","mobile-web","user","daily",2016-08-09,115,"08","32"
"wikipedia","en","Hawksbill_sea_turtle","mobile-web","user","daily",2016-08-10,127,"08","32"
"wikipedia","en","Hawksbill_sea_turtle","mobile-web","user","daily",2016-08-11,115,"08","32"
"wikipedia","en","Hawksbill_sea_turtle","mobile-web","user","daily",2016-08-12,131,"08","32"
"wikipedia","en","Hawksbill_sea_turtle","mobile-web","user","daily",2016-08-13,103,"08","32"
"wikipedia","en","Hawksbill_sea_turtle","mobile-web","user","daily",2016-08-14,125,"08","32"
"wikipedia","en","Hawksbill_sea_turtle","mobile-web","user","daily",2016-08-15,166,"08","33"
"wikipedia","en","Hawksbill_sea_turtle","mobile-web","user","daily",2016-08-16,161,"08","33"
"wikipedia","en","Hawksbill_sea_turtle","mobile-web","user","daily",2016-08-17,128,"08","33"
"wikipedia","en","Hawksbill_sea_turtle","mobile-web","user","daily",2016-08-18,121,"08","33"
"wikipedia","en","Hawksbill_sea_turtle","mobile-web","user","daily",2016-08-19,138,"08","33"
"wikipedia","en","Hawksbill_sea_turtle","mobile-web","user","daily",2016-08-20,102,"08","33"
"wikipedia","en","Hawksbill_sea_turtle","mobile-web","user","daily",2016-08-21,127,"08","33"
"wikipedia","en","Hawksbill_sea_turtle","mobile-web","user","daily",2016-08-22,122,"08","34"
"wikipedia","en","Hawksbill_sea_turtle","mobile-web","user","daily",2016-08-23,132,"08","34"
"wikipedia","en","Hawksbill_sea_turtle","mobile-web","user","daily",2016-08-24,127,"08","34"
"wikipedia","en","Hawksbill_sea_turtle","mobile-web","user","daily",2016-08-25,160,"08","34"
"wikipedia","en","Hawksbill_sea_turtle","mobile-web","user","daily",2016-08-26,103,"08","34"
"wikipedia","en","Hawksbill_sea_turtle","mobile-web","user","daily",2016-08-27,161,"08","34"
"wikipedia","en","Hawksbill_sea_turtle","mobile-web","user","daily",2016-08-28,164,"08","34"
"wikipedia","en","Hawksbill_sea_turtle","mobile-web","user","daily",2016-08-29,158,"08","35"
"wikipedia","en","Hawksbill_sea_turtle","mobile-web","user","daily",2016-08-30,144,"08","35"
"wikipedia","en","Hawksbill_sea_turtle","mobile-web","user","daily",2016-08-31,148,"08","35"
"wikipedia","en","Hawksbill_sea_turtle","mobile-web","user","daily",2016-09-01,152,"09","35"
"wikipedia","en","Hawksbill_sea_turtle","mobile-web","user","daily",2016-09-02,114,"09","35"
"wikipedia","en","Hawksbill_sea_turtle","mobile-web","user","daily",2016-09-03,147,"09","35"
"wikipedia","en","Hawksbill_sea_turtle","mobile-web","user","daily",2016-09-04,120,"09","35"
"wikipedia","en","Hawksbill_sea_turtle","mobile-web","user","daily",2016-09-05,126,"09","36"
"wikipedia","en","Hawksbill_sea_turtle","mobile-web","user","daily",2016-09-06,118,"09","36"
"wikipedia","en","Hawksbill_sea_turtle","mobile-web","user","daily",2016-09-07,132,"09","36"
"wikipedia","en","Hawksbill_sea_turtle","mobile-web","user","daily",2016-09-08,150,"09","36"
"wikipedia","en","Hawksbill_sea_turtle","mobile-web","user","daily",2016-09-09,129,"09","36"
"wikipedia","en","Hawksbill_sea_turtle","mobile-web","user","daily",2016-09-10,115,"09","36"
"wikipedia","en","Hawksbill_sea_turtle","mobile-web","user","daily",2016-09-11,129,"09","36"
"wikipedia","en","Hawksbill_sea_turtle","mobile-web","user","daily",2016-09-12,93,"09","37"
"wikipedia","en","Hawksbill_sea_turtle","mobile-web","user","daily",2016-09-13,158,"09","37"
"wikipedia","en","Hawksbill_sea_turtle","mobile-web","user","daily",2016-09-14,120,"09","37"
"wikipedia","en","Hawksbill_sea_turtle","mobile-web","user","daily",2016-09-15,113,"09","37"
"wikipedia","en","Hawksbill_sea_turtle","mobile-web","user","daily",2016-09-16,128,"09","37"
"wikipedia","en","Hawksbill_sea_turtle","mobile-web","user","daily",2016-09-17,134,"09","37"
"wikipedia","en","Hawksbill_sea_turtle","mobile-web","user","daily",2016-09-18,128,"09","37"
"wikipedia","en","Hawksbill_sea_turtle","mobile-web","user","daily",2016-09-19,161,"09","38"
"wikipedia","en","Hawksbill_sea_turtle","mobile-web","user","daily",2016-09-20,152,"09","38"
"wikipedia","en","Hawksbill_sea_turtle","mobile-web","user","daily",2016-09-21,134,"09","38"
"wikipedia","en","Hawksbill_sea_turtle","mobile-web","user","daily",2016-09-22,159,"09","38"
"wikipedia","en","Hawksbill_sea_turtle","mobile-web","user","daily",2016-09-23,125,"09","38"
"wikipedia","en","Hawksbill_sea_turtle","mobile-web","user","daily",2016-09-24,110,"09","38"
"wikipedia","en","Hawksbill_sea_turtle","mobile-web","user","daily",2016-09-25,144,"09","38"
"wikipedia","en","Hawksbill_sea_turtle","mobile-web","user","daily",2016-09-26,135,"09","39"
"wikipedia","en","Hawksbill_sea_turtle","mobile-web","user","daily",2016-09-27,124,"09","39"
"wikipedia","en","Hawksbill_sea_turtle","mobile-web","user","daily",2016-09-28,184,"09","39"
"wikipedia","en","Hawksbill_sea_turtle","mobile-web","user","daily",2016-09-29,167,"09","39"
"wikipedia","en","Hawksbill_sea_turtle","mobile-web","user","daily",2016-09-30,127,"09","39"
"wikipedia","en","Hawksbill_sea_turtle","mobile-web","user","daily",2016-10-01,109,"10","39"
"wikipedia","en","Hawksbill_sea_turtle","mobile-web","user","daily",2016-10-02,133,"10","39"
"wikipedia","en","Hawksbill_sea_turtle","mobile-web","user","daily",2016-10-03,129,"10","40"
"wikipedia","en","Hawksbill_sea_turtle","mobile-web","user","daily",2016-10-04,145,"10","40"
"wikipedia","en","Hawksbill_sea_turtle","mobile-web","user","daily",2016-10-05,142,"10","40"
"wikipedia","en","Hawksbill_sea_turtle","mobile-web","user","daily",2016-10-06,121,"10","40"
"wikipedia","en","Hawksbill_sea_turtle","mobile-web","user","daily",2016-10-07,141,"10","40"
"wikipedia","en","Hawksbill_sea_turtle","mobile-web","user","daily",2016-10-08,117,"10","40"
"wikipedia","en","Hawksbill_sea_turtle","mobile-web","user","daily",2016-10-09,139,"10","40"
"wikipedia","en","Hawksbill_sea_turtle","mobile-web","user","daily",2016-10-10,147,"10","41"
"wikipedia","en","Hawksbill_sea_turtle","mobile-web","user","daily",2016-10-11,138,"10","41"
"wikipedia","en","Hawksbill_sea_turtle","mobile-web","user","daily",2016-10-12,154,"10","41"
"wikipedia","en","Hawksbill_sea_turtle","mobile-web","user","daily",2016-10-13,111,"10","41"
"wikipedia","en","Hawksbill_sea_turtle","mobile-web","user","daily",2016-10-14,126,"10","41"
"wikipedia","en","Hawksbill_sea_turtle","mobile-web","user","daily",2016-10-15,107,"10","41"
"wikipedia","en","Hawksbill_sea_turtle","mobile-web","user","daily",2016-10-16,148,"10","41"
"wikipedia","en","Hawksbill_sea_turtle","mobile-web","user","daily",2016-10-17,157,"10","42"
"wikipedia","en","Hawksbill_sea_turtle","mobile-web","user","daily",2016-10-18,141,"10","42"
"wikipedia","en","Hawksbill_sea_turtle","mobile-web","user","daily",2016-10-19,164,"10","42"
"wikipedia","en","Hawksbill_sea_turtle","mobile-web","user","daily",2016-10-20,164,"10","42"
"wikipedia","en","Hawksbill_sea_turtle","mobile-web","user","daily",2016-10-21,163,"10","42"
"wikipedia","en","Hawksbill_sea_turtle","mobile-web","user","daily",2016-10-22,117,"10","42"
"wikipedia","en","Hawksbill_sea_turtle","mobile-web","user","daily",2016-10-23,139,"10","42"
"wikipedia","en","Hawksbill_sea_turtle","mobile-web","user","daily",2016-10-24,158,"10","43"
"wikipedia","en","Hawksbill_sea_turtle","mobile-web","user","daily",2016-10-25,174,"10","43"
"wikipedia","en","Hawksbill_sea_turtle","mobile-web","user","daily",2016-10-26,173,"10","43"
"wikipedia","en","Hawksbill_sea_turtle","mobile-web","user","daily",2016-10-27,130,"10","43"
"wikipedia","en","Hawksbill_sea_turtle","mobile-web","user","daily",2016-10-28,96,"10","43"
"wikipedia","en","Hawksbill_sea_turtle","mobile-web","user","daily",2016-10-29,114,"10","43"
"wikipedia","en","Hawksbill_sea_turtle","mobile-web","user","daily",2016-10-30,118,"10","43"
"wikipedia","en","Hawksbill_sea_turtle","mobile-web","user","daily",2016-10-31,108,"10","44"
"wikipedia","en","Hawksbill_sea_turtle","mobile-web","user","daily",2016-11-01,161,"11","44"
"wikipedia","en","Hawksbill_sea_turtle","mobile-web","user","daily",2016-11-02,151,"11","44"
"wikipedia","en","Hawksbill_sea_turtle","mobile-web","user","daily",2016-11-03,165,"11","44"
"wikipedia","en","Hawksbill_sea_turtle","mobile-web","user","daily",2016-11-04,153,"11","44"
"wikipedia","en","Hawksbill_sea_turtle","mobile-web","user","daily",2016-11-05,151,"11","44"
"wikipedia","en","Hawksbill_sea_turtle","mobile-web","user","daily",2016-11-06,179,"11","44"
"wikipedia","en","Hawksbill_sea_turtle","mobile-web","user","daily",2016-11-07,172,"11","45"
"wikipedia","en","Hawksbill_sea_turtle","mobile-web","user","daily",2016-11-08,144,"11","45"
"wikipedia","en","Hawksbill_sea_turtle","mobile-web","user","daily",2016-11-09,137,"11","45"
"wikipedia","en","Hawksbill_sea_turtle","mobile-web","user","daily",2016-11-10,159,"11","45"
"wikipedia","en","Hawksbill_sea_turtle","mobile-web","user","daily",2016-11-11,106,"11","45"
"wikipedia","en","Hawksbill_sea_turtle","mobile-web","user","daily",2016-11-12,136,"11","45"
"wikipedia","en","Hawksbill_sea_turtle","mobile-web","user","daily",2016-11-13,170,"11","45"
"wikipedia","en","Hawksbill_sea_turtle","mobile-web","user","daily",2016-11-14,233,"11","46"
"wikipedia","en","Hawksbill_sea_turtle","mobile-web","user","daily",2016-11-15,226,"11","46"
"wikipedia","en","Hawksbill_sea_turtle","mobile-web","user","daily",2016-11-16,185,"11","46"
"wikipedia","en","Hawksbill_sea_turtle","mobile-web","user","daily",2016-11-17,176,"11","46"
"wikipedia","en","Hawksbill_sea_turtle","mobile-web","user","daily",2016-11-18,134,"11","46"
"wikipedia","en","Hawksbill_sea_turtle","mobile-web","user","daily",2016-11-19,108,"11","46"
"wikipedia","en","Hawksbill_sea_turtle","mobile-web","user","daily",2016-11-20,175,"11","46"
"wikipedia","en","Hawksbill_sea_turtle","mobile-web","user","daily",2016-11-21,169,"11","47"
"wikipedia","en","Hawksbill_sea_turtle","mobile-web","user","daily",2016-11-22,163,"11","47"
"wikipedia","en","Hawksbill_sea_turtle","mobile-web","user","daily",2016-11-23,161,"11","47"
"wikipedia","en","Hawksbill_sea_turtle","mobile-web","user","daily",2016-11-24,90,"11","47"
"wikipedia","en","Hawksbill_sea_turtle","mobile-web","user","daily",2016-11-25,89,"11","47"
"wikipedia","en","Hawksbill_sea_turtle","mobile-web","user","daily",2016-11-26,103,"11","47"
"wikipedia","en","Hawksbill_sea_turtle","mobile-web","user","daily",2016-11-27,138,"11","47"
"wikipedia","en","Hawksbill_sea_turtle","mobile-web","user","daily",2016-11-28,163,"11","48"
"wikipedia","en","Hawksbill_sea_turtle","mobile-web","user","daily",2016-11-29,159,"11","48"
"wikipedia","en","Hawksbill_sea_turtle","mobile-web","user","daily",2016-11-30,176,"11","48"
"wikipedia","en","Hawksbill_sea_turtle","mobile-web","user","daily",2016-12-01,162,"12","48"
"wikipedia","en","Hawksbill_sea_turtle","mobile-web","user","daily",2016-12-02,157,"12","48"
"wikipedia","en","Hawksbill_sea_turtle","mobile-web","user","daily",2016-12-03,92,"12","48"
"wikipedia","en","Hawksbill_sea_turtle","mobile-web","user","daily",2016-12-04,136,"12","48"
"wikipedia","en","Hawksbill_sea_turtle","mobile-web","user","daily",2016-12-05,154,"12","49"
"wikipedia","en","Hawksbill_sea_turtle","mobile-web","user","daily",2016-12-06,161,"12","49"
"wikipedia","en","Hawksbill_sea_turtle","mobile-web","user","daily",2016-12-07,144,"12","49"
"wikipedia","en","Hawksbill_sea_turtle","mobile-web","user","daily",2016-12-08,137,"12","49"
"wikipedia","en","Hawksbill_sea_turtle","mobile-web","user","daily",2016-12-09,136,"12","49"
"wikipedia","en","Hawksbill_sea_turtle","mobile-web","user","daily",2016-12-10,79,"12","49"
"wikipedia","en","Hawksbill_sea_turtle","mobile-web","user","daily",2016-12-11,359,"12","49"
"wikipedia","en","Hawksbill_sea_turtle","mobile-web","user","daily",2016-12-12,253,"12","50"
"wikipedia","en","Hawksbill_sea_turtle","mobile-web","user","daily",2016-12-13,194,"12","50"
"wikipedia","en","Hawksbill_sea_turtle","mobile-web","user","daily",2016-12-14,159,"12","50"
"wikipedia","en","Hawksbill_sea_turtle","mobile-web","user","daily",2016-12-15,141,"12","50"
"wikipedia","en","Hawksbill_sea_turtle","mobile-web","user","daily",2016-12-16,130,"12","50"
"wikipedia","en","Hawksbill_sea_turtle","mobile-web","user","daily",2016-12-17,104,"12","50"
"wikipedia","en","Hawksbill_sea_turtle","mobile-web","user","daily",2016-12-18,141,"12","50"
"wikipedia","en","Hawksbill_sea_turtle","mobile-web","user","daily",2016-12-19,97,"12","51"
"wikipedia","en","Hawksbill_sea_turtle","mobile-web","user","daily",2016-12-20,128,"12","51"
"wikipedia","en","Hawksbill_sea_turtle","mobile-web","user","daily",2016-12-21,102,"12","51"
"wikipedia","en","Hawksbill_sea_turtle","mobile-web","user","daily",2016-12-22,100,"12","51"
"wikipedia","en","Hawksbill_sea_turtle","mobile-web","user","daily",2016-12-23,88,"12","51"
"wikipedia","en","Hawksbill_sea_turtle","mobile-web","user","daily",2016-12-24,105,"12","51"
"wikipedia","en","Hawksbill_sea_turtle","mobile-web","user","daily",2016-12-25,104,"12","51"
"wikipedia","en","Hawksbill_sea_turtle","mobile-web","user","daily",2016-12-26,128,"12","52"
"wikipedia","en","Hawksbill_sea_turtle","mobile-web","user","daily",2016-12-27,126,"12","52"
"wikipedia","en","Hawksbill_sea_turtle","mobile-web","user","daily",2016-12-28,146,"12","52"
"wikipedia","en","Hawksbill_sea_turtle","mobile-web","user","daily",2016-12-29,107,"12","52"
"wikipedia","en","Hawksbill_sea_turtle","mobile-web","user","daily",2016-12-30,116,"12","52"
"wikipedia","en","Hawksbill_sea_turtle","mobile-web","user","daily",2016-12-31,98,"12","52"
